ctime,schemaname,relname,seq_scan,seq_tup_read,idx_scan,idx_tup_fetch,n_tup_ins,n_tup_upd,n_tup_del,n_tup_hot_upd,n_live_tup,n_dead_tup,heap_blks_read,heap_blks_hit,idx_blks_read,idx_blks_hit,toast_blks_read,toast_blks_hit,tidx_blks_read,tidx_blks_hit
1416614969.04222,pg_catalog,pg_attrdef,0,0,0,0,0,0,0,0,0,0,0,0,0,0,0,0,0,0
1416614969.04222,pg_catalog,pg_db_role_setting,0,0,134360,0,0,0,0,0,0,0,0,0,342,134018,0,0,0,0
1416614969.04222,pg_toast,pg_toast_12713,0,0,0,0,0,0,0,0,0,0,0,0,0,0,,,,
1416614969.04222,public,supplier,7,400000,42,42,100000,0,0,0,100000,0,2312,15690,6,108,,,,
1416614969.04222,pg_catalog,pg_rowsecurity,0,0,0,0,0,0,0,0,0,0,0,0,0,0,,,,
1416614969.04222,pg_catalog,pg_description,0,0,4260,0,0,0,0,0,0,0,0,0,1371,8114,0,0,0,0
1416614969.04222,pg_catalog,pg_foreign_data_wrapper,0,0,0,0,0,0,0,0,0,0,0,0,0,0,,,,
1416614969.04222,pg_catalog,pg_conversion,0,0,0,0,0,0,0,0,0,0,0,0,0,0,,,,
1416614969.04222,public,customer,10,9000000,28,28,1500000,0,0,0,1500000,0,68533,294885,10,114,,,,
1416614969.04222,pg_catalog,pg_class,11491,2601130,762622,697274,1719,537,1681,527,337,97,7050,801443,6821,1596657,,,,
1416614969.04222,information_schema,sql_implementation_info,0,0,,,0,0,0,0,0,0,0,0,,,0,0,0,0
1416614969.04222,pg_catalog,pg_opfamily,0,0,0,0,0,0,0,0,0,0,0,0,0,0,,,,
1416614969.04222,pg_catalog,pg_auth_members,0,0,0,0,0,0,0,0,0,0,0,0,0,0,,,,
1416614969.04222,pg_catalog,pg_operator,0,0,241308,1263712,0,0,0,0,0,0,6119,874737,5375,523189,,,,
1416614969.04222,information_schema,sql_languages,0,0,,,0,0,0,0,0,0,0,0,,,0,0,0,0
1416614969.04222,pg_toast,pg_toast_12693,0,0,0,0,0,0,0,0,0,0,0,0,0,0,,,,
1416614969.04222,pg_catalog,pg_attribute,2266,15450,624408,1408591,6244,170,6066,141,2514,312,21134,697995,5794,1307166,,,,
1416614969.04222,pg_toast,pg_toast_12698,0,0,0,0,0,0,0,0,0,0,0,0,0,0,,,,
1416614969.04222,pg_catalog,pg_tablespace,2,4,22110,22110,0,0,0,0,0,0,580,21532,1208,43110,,,,
1416614969.04222,public,region,6,10,8,8,5,0,0,0,5,0,1,11,2,9,,,,
1416614969.04222,pg_catalog,pg_statistic,0,0,172078,165652,1387,3953,1324,3321,464,66,16274,160805,1865,368982,40730,164309,2449,248434
1416614969.04222,pg_toast,pg_toast_12703,0,0,0,0,0,0,0,0,0,0,0,0,0,0,,,,
1416614969.04222,information_schema,sql_packages,0,0,,,0,0,0,0,0,0,0,0,,,0,0,0,0
1416614969.04222,information_schema,sql_sizing_profiles,0,0,,,0,0,0,0,0,0,0,0,,,0,0,0,0
1416614969.04222,pg_catalog,pg_aggregate,0,0,16696,16696,0,0,0,0,0,0,1169,15527,2706,26390,,,,
1416614969.04222,pg_catalog,pg_inherits,0,0,965,0,0,0,0,0,0,0,0,0,487,478,,,,
1416614969.04222,pg_catalog,pg_enum,0,0,0,0,0,0,0,0,0,0,0,0,0,0,,,,
1416614969.04222,pg_toast,pg_toast_2396,0,0,0,0,0,0,0,0,0,0,0,0,0,0,,,,
1416614969.04222,pg_catalog,pg_pltemplate,0,0,0,0,0,0,0,0,0,0,0,0,0,0,,,,
1416614969.04222,pg_toast,pg_toast_2618,0,0,3031,9678,0,0,0,0,0,0,1859,1858,544,4346,,,,
1416614969.04222,pg_toast,pg_toast_3596,0,0,0,0,0,0,0,0,0,0,0,0,0,0,,,,
1416614969.04222,information_schema,sql_features,0,0,,,0,0,0,0,0,0,0,0,,,0,0,0,0
1416614969.04222,pg_toast,pg_toast_2606,0,0,0,0,0,0,0,0,0,0,0,0,0,0,,,,
1416614969.04222,pg_toast,pg_toast_12723,0,0,0,0,0,0,0,0,0,0,0,0,0,0,,,,
1416614969.04222,pg_toast,pg_toast_2964,0,0,0,0,0,0,0,0,0,0,0,0,0,0,,,,
1416614969.04222,pg_catalog,pg_database,3400,13210,109316,109314,1,0,0,0,1,0,244,112471,1581,174852,,,,
1416614969.04222,public,partsupp,5,24000000,42,42,8000000,0,0,0,8000000,0,340611,954551,12,124,,,,
1416614969.04222,information_schema,sql_sizing,0,0,,,0,0,0,0,0,0,0,0,,,0,0,0,0
1416614969.04222,pg_toast,pg_toast_2620,0,0,0,0,0,0,0,0,0,0,0,0,0,0,,,,
1416614969.04222,pg_catalog,pg_depend,0,0,40232,43240,7429,0,7339,0,7107,1349,7631,49815,11063,103592,,,,
1416614969.04222,pg_catalog,pg_language,0,0,0,0,0,0,0,0,0,0,0,0,0,0,,,,
1416614969.04222,pg_catalog,pg_amproc,412,824,142034,294549,0,0,0,0,0,0,1534,139511,1238,315041,,,,
1416614969.04222,pg_catalog,pg_collation,0,0,0,0,0,0,0,0,0,0,0,0,0,0,,,,
1416614969.04222,pg_toast,pg_toast_12708,0,0,0,0,0,0,0,0,0,0,0,0,0,0,,,,
1416614969.04222,pg_catalog,pg_range,0,0,7522,0,0,0,0,0,0,0,0,0,2753,12291,,,,
1416614969.04222,pg_toast,pg_toast_2609,0,0,0,0,0,0,0,0,0,0,0,0,0,0,,,,
1416614969.04222,pg_catalog,pg_opclass,412,412,193913,2123886,0,0,0,0,0,0,1259,845654,2828,236404,,,,
1416614969.04222,pg_catalog,pg_rewrite,0,0,7426,5815,537,0,537,0,110,19,3878,6457,1775,10879,1859,1858,1088,8692
1416614969.04222,pg_toast,pg_toast_1255,0,0,0,0,0,0,0,0,0,0,0,0,0,0,,,,
1416614969.04222,pg_catalog,pg_seclabel,0,0,4260,0,0,0,0,0,0,0,0,0,442,3818,0,0,0,0
1416614969.04222,public,part,8,12000000,26,26,2000000,0,0,0,2000000,0,79007,327741,10,108,,,,
1416614969.04222,pg_catalog,pg_ts_parser,0,0,0,0,0,0,0,0,0,0,0,0,0,0,,,,
1416614969.04222,pg_catalog,pg_trigger,0,0,0,0,0,0,0,0,0,0,0,0,0,0,0,0,0,0
1416614969.04222,public,orders,10,60000000,30,30,15000000,0,0,0,15000000,0,504554,1558810,8,118,,,,
1416614969.04222,pg_catalog,pg_shseclabel,0,0,0,0,0,0,0,0,0,0,0,0,0,0,,,,
1416614969.04222,pg_catalog,pg_event_trigger,0,0,1621,0,0,0,0,0,0,0,0,0,485,1136,,,,
1416614969.04222,pg_catalog,pg_foreign_table,0,0,0,0,0,0,0,0,0,0,0,0,0,0,,,,
1416614969.04222,pg_catalog,pg_extension,0,0,0,0,0,0,0,0,0,0,0,0,0,0,,,,
1416614969.04222,pg_catalog,pg_ts_config,0,0,0,0,0,0,0,0,0,0,0,0,0,0,,,,
1416614969.04222,pg_catalog,pg_shdescription,0,0,0,0,0,0,0,0,0,0,0,0,0,0,0,0,0,0
1416614969.04222,pg_catalog,pg_cast,0,0,1046828,247895,0,0,0,0,0,0,1266,246629,787,1075920,,,,
1416614969.04222,pg_catalog,pg_amop,0,0,273349,483229,0,0,0,0,0,0,2145,462533,4951,578392,,,,
1416614969.04222,pg_catalog,pg_user_mapping,0,0,0,0,0,0,0,0,0,0,0,0,0,0,,,,
1416614969.04222,pg_catalog,pg_type,0,0,740532,733249,1933,0,1914,0,360,93,4621,736947,7197,1521784,,,,
1416614969.04222,information_schema,sql_parts,0,0,,,0,0,0,0,0,0,0,0,,,0,0,0,0
1416614969.04222,pg_catalog,pg_largeobject,0,0,0,0,0,0,0,0,0,0,0,0,0,0,,,,
1416614969.04222,public,nation,13,50,42,42,25,0,0,0,25,0,1,45,2,49,,,,
1416614969.04222,pg_catalog,pg_ts_config_map,0,0,0,0,0,0,0,0,0,0,0,0,0,0,,,,
1416614969.04222,pg_catalog,pg_largeobject_metadata,0,0,0,0,0,0,0,0,0,0,0,0,0,0,,,,
1416614969.04222,pg_catalog,pg_am,37239,37239,0,0,0,0,0,0,0,0,406,36833,0,0,,,,
1416614969.04222,pg_toast,pg_toast_12718,0,0,0,0,0,0,0,0,0,0,0,0,0,0,,,,
1416614969.04222,pg_catalog,pg_ts_template,0,0,0,0,0,0,0,0,0,0,0,0,0,0,,,,
1416614969.04222,pg_catalog,pg_foreign_server,0,0,0,0,0,0,0,0,0,0,0,0,0,0,,,,
1416614969.04222,pg_catalog,pg_namespace,1304,41758,164714,133854,42,0,0,0,42,0,422,134842,1970,195889,,,,
1416614969.04222,pg_toast,pg_toast_2619,0,0,124505,421035,5065,0,4815,0,260,16,40730,164309,2449,248434,,,,
1416614969.04222,pg_catalog,pg_authid,716,716,61960,61960,0,0,0,0,0,0,351,62325,1645,122275,,,,
1416614969.04222,pg_catalog,pg_default_acl,0,0,3900,0,0,0,0,0,0,0,0,0,444,3456,,,,
1416614969.04222,public,time_statistics,1,1,,,3,1,0,1,3,1,2,3,,,,,,
1416614969.04222,pg_catalog,pg_shdepend,0,0,5279,1018,0,0,0,0,0,0,484,534,1898,5323,,,,
1416614969.04222,pg_catalog,pg_constraint,0,0,264,128,136,0,128,0,10,16,75,750,136,1352,0,0,0,0
1416614969.04222,pg_catalog,pg_index,4373,412527,338711,485654,744,0,716,0,143,0,3715,473849,2353,388151,,,,
1416614969.04222,pg_catalog,pg_ts_dict,0,0,0,0,0,0,0,0,0,0,0,0,0,0,,,,
1416614969.04222,pg_toast,pg_toast_2604,0,0,0,0,0,0,0,0,0,0,0,0,0,0,,,,
1416614969.04222,public,lineitem,13,539874468,56,56,59986052,0,0,0,59985687,0,7463320,5799054,22,338,,,,
1416614969.04222,pg_catalog,pg_proc,0,0,272404,404294,0,0,0,0,0,0,26428,267270,10983,592780,0,0,0,0
1416615029.04612,pg_catalog,pg_attrdef,0,0,0,0,0,0,0,0,0,0,0,0,0,0,0,0,0,0
1416615029.04612,pg_catalog,pg_db_role_setting,0,0,134460,0,0,0,0,0,0,0,0,0,343,134117,0,0,0,0
1416615029.04612,pg_toast,pg_toast_12713,0,0,0,0,0,0,0,0,0,0,0,0,0,0,,,,
1416615029.04612,public,supplier,9,500000,25454,25454,100000,0,0,0,100000,0,4491,41102,284,50799,,,,
1416615029.04612,pg_catalog,pg_rowsecurity,0,0,0,0,0,0,0,0,0,0,0,0,0,0,,,,
1416615029.04612,pg_catalog,pg_description,0,0,4260,0,0,0,0,0,0,0,0,0,1371,8114,0,0,0,0
1416615029.04612,pg_catalog,pg_foreign_data_wrapper,0,0,0,0,0,0,0,0,0,0,0,0,0,0,,,,
1416615029.04612,pg_catalog,pg_conversion,0,0,0,0,0,0,0,0,0,0,0,0,0,0,,,,
1416615029.04612,public,customer,10,9000000,28,28,1500000,0,0,0,1500000,0,68533,294885,10,114,,,,
1416615029.04612,pg_catalog,pg_class,11500,2603843,763078,697715,1719,537,1681,527,337,97,7051,801974,6822,1597600,,,,
1416615029.04612,information_schema,sql_implementation_info,0,0,,,0,0,0,0,0,0,0,0,,,0,0,0,0
1416615029.04612,pg_catalog,pg_opfamily,0,0,0,0,0,0,0,0,0,0,0,0,0,0,,,,
1416615029.04612,pg_catalog,pg_auth_members,0,0,0,0,0,0,0,0,0,0,0,0,0,0,,,,
1416615029.04612,pg_catalog,pg_operator,0,0,241369,1264025,0,0,0,0,0,0,6131,874939,5377,523325,,,,
1416615029.04612,information_schema,sql_languages,0,0,,,0,0,0,0,0,0,0,0,,,0,0,0,0
1416615029.04612,pg_toast,pg_toast_12693,0,0,0,0,0,0,0,0,0,0,0,0,0,0,,,,
1416615029.04612,pg_catalog,pg_attribute,2266,15450,624691,1409107,6244,170,6066,141,2514,312,21149,698280,5795,1307748,,,,
1416615029.04612,pg_toast,pg_toast_12698,0,0,0,0,0,0,0,0,0,0,0,0,0,0,,,,
1416615029.04612,pg_catalog,pg_tablespace,2,4,22122,22122,0,0,0,0,0,0,581,21543,1211,43133,,,,
1416615029.04612,public,region,6359,31770,12,12,5,0,0,0,5,0,2,6366,4,12,,,,
1416615029.04612,pg_catalog,pg_statistic,0,0,172133,165694,1387,3953,1324,3321,464,66,16280,160841,1866,369099,40758,164324,2449,248486
1416615029.04612,pg_toast,pg_toast_12703,0,0,0,0,0,0,0,0,0,0,0,0,0,0,,,,
1416615029.04612,information_schema,sql_packages,0,0,,,0,0,0,0,0,0,0,0,,,0,0,0,0
1416615029.04612,information_schema,sql_sizing_profiles,0,0,,,0,0,0,0,0,0,0,0,,,0,0,0,0
1416615029.04612,pg_catalog,pg_aggregate,0,0,16699,16699,0,0,0,0,0,0,1170,15529,2708,26394,,,,
1416615029.04612,pg_catalog,pg_inherits,0,0,965,0,0,0,0,0,0,0,0,0,487,478,,,,
1416615029.04612,pg_catalog,pg_enum,0,0,0,0,0,0,0,0,0,0,0,0,0,0,,,,
1416615029.04612,pg_toast,pg_toast_2396,0,0,0,0,0,0,0,0,0,0,0,0,0,0,,,,
1416615029.04612,pg_catalog,pg_pltemplate,0,0,0,0,0,0,0,0,0,0,0,0,0,0,,,,
1416615029.04612,pg_toast,pg_toast_2618,0,0,3035,9692,0,0,0,0,0,0,1863,1859,544,4352,,,,
1416615029.04612,pg_toast,pg_toast_3596,0,0,0,0,0,0,0,0,0,0,0,0,0,0,,,,
1416615029.04612,information_schema,sql_features,0,0,,,0,0,0,0,0,0,0,0,,,0,0,0,0
1416615029.04612,pg_toast,pg_toast_2606,0,0,0,0,0,0,0,0,0,0,0,0,0,0,,,,
1416615029.04612,pg_toast,pg_toast_12723,0,0,0,0,0,0,0,0,0,0,0,0,0,0,,,,
1416615029.04612,pg_toast,pg_toast_2964,0,0,0,0,0,0,0,0,0,0,0,0,0,0,,,,
1416615029.04612,pg_catalog,pg_database,3404,13220,109395,109393,1,0,0,0,1,0,244,112554,1585,174976,,,,
1416615029.04612,public,partsupp,5,24000000,26242,1612418,8000000,0,0,0,8000000,0,511564,2377653,19979,63273,,,,
1416615029.04612,information_schema,sql_sizing,0,0,,,0,0,0,0,0,0,0,0,,,0,0,0,0
1416615029.04612,pg_toast,pg_toast_2620,0,0,0,0,0,0,0,0,0,0,0,0,0,0,,,,
1416615029.04612,pg_catalog,pg_depend,0,0,40232,43240,7429,0,7339,0,7107,1349,7631,49815,11063,103592,,,,
1416615029.04612,pg_catalog,pg_language,0,0,0,0,0,0,0,0,0,0,0,0,0,0,,,,
1416615029.04612,pg_catalog,pg_amproc,412,824,142075,294616,0,0,0,0,0,0,1534,139551,1238,315139,,,,
1416615029.04612,pg_catalog,pg_collation,0,0,0,0,0,0,0,0,0,0,0,0,0,0,,,,
1416615029.04612,pg_toast,pg_toast_12708,0,0,0,0,0,0,0,0,0,0,0,0,0,0,,,,
1416615029.04612,pg_catalog,pg_range,0,0,7525,0,0,0,0,0,0,0,0,0,2755,12295,,,,
1416615029.04612,pg_toast,pg_toast_2609,0,0,0,0,0,0,0,0,0,0,0,0,0,0,,,,
1416615029.04612,pg_catalog,pg_opclass,412,412,193959,2124261,0,0,0,0,0,0,1259,845808,2828,236469,,,,
1416615029.04612,pg_catalog,pg_rewrite,0,0,7431,5820,537,0,537,0,110,19,3882,6458,1775,10887,1863,1859,1088,8704
1416615029.04612,pg_toast,pg_toast_1255,0,0,0,0,0,0,0,0,0,0,0,0,0,0,,,,
1416615029.04612,pg_catalog,pg_seclabel,0,0,4260,0,0,0,0,0,0,0,0,0,442,3818,0,0,0,0
1416615029.04612,public,part,9,14000000,33,2000032,2000000,0,0,0,2000000,0,119529,369021,5483,130,,,,
1416615029.04612,pg_catalog,pg_ts_parser,0,0,0,0,0,0,0,0,0,0,0,0,0,0,,,,
1416615029.04612,pg_catalog,pg_trigger,0,0,0,0,0,0,0,0,0,0,0,0,0,0,0,0,0,0
1416615029.04612,public,orders,10,60000000,30,30,15015000,0,0,0,15015000,0,504810,1559367,2828,132793,,,,
1416615029.04612,pg_catalog,pg_shseclabel,0,0,0,0,0,0,0,0,0,0,0,0,0,0,,,,
1416615029.04612,pg_catalog,pg_event_trigger,0,0,1621,0,0,0,0,0,0,0,0,0,485,1136,,,,
1416615029.04612,pg_catalog,pg_foreign_table,0,0,0,0,0,0,0,0,0,0,0,0,0,0,,,,
1416615029.04612,pg_catalog,pg_extension,0,0,0,0,0,0,0,0,0,0,0,0,0,0,,,,
1416615029.04612,pg_catalog,pg_ts_config,0,0,0,0,0,0,0,0,0,0,0,0,0,0,,,,
1416615029.04612,pg_catalog,pg_shdescription,0,0,0,0,0,0,0,0,0,0,0,0,0,0,0,0,0,0
1416615029.04612,pg_catalog,pg_cast,0,0,1047085,247969,0,0,0,0,0,0,1266,246703,787,1076188,,,,
1416615029.04612,pg_catalog,pg_amop,0,0,273412,483347,0,0,0,0,0,0,2147,462644,4952,578528,,,,
1416615029.04612,pg_catalog,pg_user_mapping,0,0,0,0,0,0,0,0,0,0,0,0,0,0,,,,
1416615029.04612,pg_catalog,pg_type,0,0,740780,733497,1933,0,1914,0,360,93,4622,737194,7197,1522293,,,,
1416615029.04612,information_schema,sql_parts,0,0,,,0,0,0,0,0,0,0,0,,,0,0,0,0
1416615029.04612,pg_catalog,pg_largeobject,0,0,0,0,0,0,0,0,0,0,0,0,0,0,,,,
1416615029.04612,public,nation,14,75,25454,25454,25,0,0,0,25,0,2,25457,4,25460,,,,
1416615029.04612,pg_catalog,pg_ts_config_map,0,0,0,0,0,0,0,0,0,0,0,0,0,0,,,,
1416615029.04612,pg_catalog,pg_largeobject_metadata,0,0,0,0,0,0,0,0,0,0,0,0,0,0,,,,
1416615029.04612,pg_catalog,pg_am,37255,37255,0,0,0,0,0,0,0,0,406,36849,0,0,,,,
1416615029.04612,pg_toast,pg_toast_12718,0,0,0,0,0,0,0,0,0,0,0,0,0,0,,,,
1416615029.04612,pg_catalog,pg_ts_template,0,0,0,0,0,0,0,0,0,0,0,0,0,0,,,,
1416615029.04612,pg_catalog,pg_foreign_server,0,0,0,0,0,0,0,0,0,0,0,0,0,0,,,,
1416615029.04612,pg_catalog,pg_namespace,1306,41854,164891,134019,42,0,0,0,42,0,422,135009,1971,196079,,,,
1416615029.04612,pg_toast,pg_toast_2619,0,0,124529,421129,5065,0,4815,0,260,16,40758,164324,2449,248486,,,,
1416615029.04612,pg_catalog,pg_authid,719,719,62006,62006,0,0,0,0,0,0,352,62373,1649,122363,,,,
1416615029.04612,pg_catalog,pg_default_acl,0,0,3900,0,0,0,0,0,0,0,0,0,444,3456,,,,
1416615029.04612,public,time_statistics,4,13,,,6,4,0,4,6,4,2,12,,,,,,
1416615029.04612,pg_catalog,pg_shdepend,0,0,5279,1018,0,0,0,0,0,0,484,534,1898,5323,,,,
1416615029.04612,pg_catalog,pg_constraint,0,0,264,128,136,0,128,0,10,16,75,750,136,1352,0,0,0,0
1416615029.04612,pg_catalog,pg_index,4378,413242,338807,485786,744,0,716,0,143,0,3715,474002,2353,388269,,,,
1416615029.04612,pg_catalog,pg_ts_dict,0,0,0,0,0,0,0,0,0,0,0,0,0,0,,,,
1416615029.04612,pg_toast,pg_toast_2604,0,0,0,0,0,0,0,0,0,0,0,0,0,0,,,,
1416615029.04612,public,lineitem,13,539874468,59,747663,60045669,0,0,0,60045304,0,7868835,5801742,109857,1305734,,,,
1416615029.04612,pg_catalog,pg_proc,0,0,272520,404458,0,0,0,0,0,0,26443,267381,10986,593032,0,0,0,0
1416615089.04793,pg_catalog,pg_attrdef,0,0,0,0,0,0,0,0,0,0,0,0,0,0,0,0,0,0
1416615089.04793,pg_catalog,pg_db_role_setting,0,0,134488,0,0,0,0,0,0,0,0,0,343,134145,0,0,0,0
1416615089.04793,pg_toast,pg_toast_12713,0,0,0,0,0,0,0,0,0,0,0,0,0,0,,,,
1416615089.04793,public,supplier,9,500000,25454,25454,100000,0,0,0,100000,0,4491,41102,284,50799,,,,
1416615089.04793,pg_catalog,pg_rowsecurity,0,0,0,0,0,0,0,0,0,0,0,0,0,0,,,,
1416615089.04793,pg_catalog,pg_description,0,0,4260,0,0,0,0,0,0,0,0,0,1371,8114,0,0,0,0
1416615089.04793,pg_catalog,pg_foreign_data_wrapper,0,0,0,0,0,0,0,0,0,0,0,0,0,0,,,,
1416615089.04793,pg_catalog,pg_conversion,0,0,0,0,0,0,0,0,0,0,0,0,0,0,,,,
1416615089.04793,public,customer,10,9000000,28,28,1500000,0,0,0,1500000,0,68533,294885,10,114,,,,
1416615089.04793,pg_catalog,pg_class,11510,2606893,763428,698065,1719,537,1681,527,337,97,7054,802422,6825,1598313,,,,
1416615089.04793,information_schema,sql_implementation_info,0,0,,,0,0,0,0,0,0,0,0,,,0,0,0,0
1416615089.04793,pg_catalog,pg_opfamily,0,0,0,0,0,0,0,0,0,0,0,0,0,0,,,,
1416615089.04793,pg_catalog,pg_auth_members,0,0,0,0,0,0,0,0,0,0,0,0,0,0,,,,
1416615089.04793,pg_catalog,pg_operator,0,0,241386,1264042,0,0,0,0,0,0,6131,874956,5377,523367,,,,
1416615089.04793,information_schema,sql_languages,0,0,,,0,0,0,0,0,0,0,0,,,0,0,0,0
1416615089.04793,pg_toast,pg_toast_12693,0,0,0,0,0,0,0,0,0,0,0,0,0,0,,,,
1416615089.04793,pg_catalog,pg_attribute,2266,15450,624897,1409445,6244,170,6066,141,2514,312,21152,698490,5798,1308165,,,,
1416615089.04793,pg_toast,pg_toast_12698,0,0,0,0,0,0,0,0,0,0,0,0,0,0,,,,
1416615089.04793,pg_catalog,pg_tablespace,2,4,22127,22127,0,0,0,0,0,0,581,21548,1211,43143,,,,
1416615089.04793,public,region,6359,31770,12,12,5,0,0,0,5,0,2,6366,4,12,,,,
1416615089.04793,pg_catalog,pg_statistic,0,0,172158,165713,1387,3953,1324,3321,464,66,16282,160858,1866,369154,40758,164327,2449,248495
1416615089.04793,pg_toast,pg_toast_12703,0,0,0,0,0,0,0,0,0,0,0,0,0,0,,,,
1416615089.04793,information_schema,sql_packages,0,0,,,0,0,0,0,0,0,0,0,,,0,0,0,0
1416615089.04793,information_schema,sql_sizing_profiles,0,0,,,0,0,0,0,0,0,0,0,,,0,0,0,0
1416615089.04793,pg_catalog,pg_aggregate,0,0,16700,16700,0,0,0,0,0,0,1170,15530,2708,26396,,,,
1416615089.04793,pg_catalog,pg_inherits,0,0,965,0,0,0,0,0,0,0,0,0,487,478,,,,
1416615089.04793,pg_catalog,pg_enum,0,0,0,0,0,0,0,0,0,0,0,0,0,0,,,,
1416615089.04793,pg_toast,pg_toast_2396,0,0,0,0,0,0,0,0,0,0,0,0,0,0,,,,
1416615089.04793,pg_catalog,pg_pltemplate,0,0,0,0,0,0,0,0,0,0,0,0,0,0,,,,
1416615089.04793,pg_toast,pg_toast_2618,0,0,3040,9708,0,0,0,0,0,0,1868,1860,544,4360,,,,
1416615089.04793,pg_toast,pg_toast_3596,0,0,0,0,0,0,0,0,0,0,0,0,0,0,,,,
1416615089.04793,information_schema,sql_features,0,0,,,0,0,0,0,0,0,0,0,,,0,0,0,0
1416615089.04793,pg_toast,pg_toast_2606,0,0,0,0,0,0,0,0,0,0,0,0,0,0,,,,
1416615089.04793,pg_toast,pg_toast_12723,0,0,0,0,0,0,0,0,0,0,0,0,0,0,,,,
1416615089.04793,pg_toast,pg_toast_2964,0,0,0,0,0,0,0,0,0,0,0,0,0,0,,,,
1416615089.04793,pg_catalog,pg_database,3407,13232,109424,109422,1,0,0,0,1,0,244,112586,1585,175019,,,,
1416615089.04793,public,partsupp,5,24000000,26242,1612418,8000000,0,0,0,8000000,0,511564,2377653,19979,63273,,,,
1416615089.04793,information_schema,sql_sizing,0,0,,,0,0,0,0,0,0,0,0,,,0,0,0,0
1416615089.04793,pg_toast,pg_toast_2620,0,0,0,0,0,0,0,0,0,0,0,0,0,0,,,,
1416615089.04793,pg_catalog,pg_depend,0,0,40232,43240,7429,0,7339,0,7107,1349,7631,49815,11063,103592,,,,
1416615089.04793,pg_catalog,pg_language,0,0,0,0,0,0,0,0,0,0,0,0,0,0,,,,
1416615089.04793,pg_catalog,pg_amproc,412,824,142092,294643,0,0,0,0,0,0,1535,139567,1241,315176,,,,
1416615089.04793,pg_catalog,pg_collation,0,0,0,0,0,0,0,0,0,0,0,0,0,0,,,,
1416615089.04793,pg_toast,pg_toast_12708,0,0,0,0,0,0,0,0,0,0,0,0,0,0,,,,
1416615089.04793,pg_catalog,pg_range,0,0,7525,0,0,0,0,0,0,0,0,0,2755,12295,,,,
1416615089.04793,pg_toast,pg_toast_2609,0,0,0,0,0,0,0,0,0,0,0,0,0,0,,,,
1416615089.04793,pg_catalog,pg_opclass,412,412,193977,2124446,0,0,0,0,0,0,1260,845877,2830,236494,,,,
1416615089.04793,pg_catalog,pg_rewrite,0,0,7438,5827,537,0,537,0,110,19,3886,6461,1775,10899,1868,1860,1088,8720
1416615089.04793,pg_toast,pg_toast_1255,0,0,0,0,0,0,0,0,0,0,0,0,0,0,,,,
1416615089.04793,pg_catalog,pg_seclabel,0,0,4260,0,0,0,0,0,0,0,0,0,442,3818,0,0,0,0
1416615089.04793,public,part,9,14000000,33,2000032,2000000,0,0,0,2000000,0,119529,369021,5483,130,,,,
1416615089.04793,pg_catalog,pg_ts_parser,0,0,0,0,0,0,0,0,0,0,0,0,0,0,,,,
1416615089.04793,pg_catalog,pg_trigger,0,0,0,0,0,0,0,0,0,0,0,0,0,0,0,0,0,0
1416615089.04793,public,orders,10,60000000,30,30,15015000,0,0,0,15015000,0,504810,1559367,2828,132793,,,,
1416615089.04793,pg_catalog,pg_shseclabel,0,0,0,0,0,0,0,0,0,0,0,0,0,0,,,,
1416615089.04793,pg_catalog,pg_event_trigger,0,0,1621,0,0,0,0,0,0,0,0,0,485,1136,,,,
1416615089.04793,pg_catalog,pg_foreign_table,0,0,0,0,0,0,0,0,0,0,0,0,0,0,,,,
1416615089.04793,pg_catalog,pg_extension,0,0,0,0,0,0,0,0,0,0,0,0,0,0,,,,
1416615089.04793,pg_catalog,pg_ts_config,0,0,0,0,0,0,0,0,0,0,0,0,0,0,,,,
1416615089.04793,pg_catalog,pg_shdescription,0,0,0,0,0,0,0,0,0,0,0,0,0,0,0,0,0,0
1416615089.04793,pg_catalog,pg_cast,0,0,1047154,247997,0,0,0,0,0,0,1266,246731,787,1076262,,,,
1416615089.04793,pg_catalog,pg_amop,0,0,273445,483399,0,0,0,0,0,0,2147,462696,4952,578602,,,,
1416615089.04793,pg_catalog,pg_user_mapping,0,0,0,0,0,0,0,0,0,0,0,0,0,0,,,,
1416615089.04793,pg_catalog,pg_type,0,0,740872,733589,1933,0,1914,0,360,93,4622,737286,7197,1522482,,,,
1416615089.04793,information_schema,sql_parts,0,0,,,0,0,0,0,0,0,0,0,,,0,0,0,0
1416615089.04793,pg_catalog,pg_largeobject,0,0,0,0,0,0,0,0,0,0,0,0,0,0,,,,
1416615089.04793,public,nation,14,75,25454,25454,25,0,0,0,25,0,2,25457,4,25460,,,,
1416615089.04793,pg_catalog,pg_ts_config_map,0,0,0,0,0,0,0,0,0,0,0,0,0,0,,,,
1416615089.04793,pg_catalog,pg_largeobject_metadata,0,0,0,0,0,0,0,0,0,0,0,0,0,0,,,,
1416615089.04793,pg_catalog,pg_am,37261,37261,0,0,0,0,0,0,0,0,407,36854,0,0,,,,
1416615089.04793,pg_toast,pg_toast_12718,0,0,0,0,0,0,0,0,0,0,0,0,0,0,,,,
1416615089.04793,pg_catalog,pg_ts_template,0,0,0,0,0,0,0,0,0,0,0,0,0,0,,,,
1416615089.04793,pg_catalog,pg_foreign_server,0,0,0,0,0,0,0,0,0,0,0,0,0,0,,,,
1416615089.04793,pg_catalog,pg_namespace,1308,41950,165049,134172,42,0,0,0,42,0,422,135164,1971,196244,,,,
1416615089.04793,pg_toast,pg_toast_2619,0,0,124532,421135,5065,0,4815,0,260,16,40758,164327,2449,248495,,,,
1416615089.04793,pg_catalog,pg_authid,720,720,62016,62016,0,0,0,0,0,0,352,62384,1649,122383,,,,
1416615089.04793,pg_catalog,pg_default_acl,0,0,3900,0,0,0,0,0,0,0,0,0,444,3456,,,,
1416615089.04793,public,time_statistics,4,13,,,6,4,0,4,6,4,2,12,,,,,,
1416615089.04793,pg_catalog,pg_shdepend,0,0,5279,1018,0,0,0,0,0,0,484,534,1898,5323,,,,
1416615089.04793,pg_catalog,pg_constraint,0,0,264,128,136,0,128,0,10,16,75,750,136,1352,0,0,0,0
1416615089.04793,pg_catalog,pg_index,4383,413957,338851,485843,744,0,716,0,143,0,3716,474075,2355,388322,,,,
1416615089.04793,pg_catalog,pg_ts_dict,0,0,0,0,0,0,0,0,0,0,0,0,0,0,,,,
1416615089.04793,pg_toast,pg_toast_2604,0,0,0,0,0,0,0,0,0,0,0,0,0,0,,,,
1416615089.04793,public,lineitem,13,539874468,59,747663,60045669,0,0,0,60045304,0,7868835,5801742,109857,1305734,,,,
1416615089.04793,pg_catalog,pg_proc,0,0,272598,404571,0,0,0,0,0,0,26447,267470,10986,593198,0,0,0,0
1416615149.05072,pg_catalog,pg_attrdef,0,0,0,0,0,0,0,0,0,0,0,0,0,0,0,0,0,0
1416615149.05072,pg_catalog,pg_db_role_setting,0,0,134564,0,0,0,0,0,0,0,0,0,344,134220,0,0,0,0
1416615149.05072,pg_toast,pg_toast_12713,0,0,0,0,0,0,0,0,0,0,0,0,0,0,,,,
1416615149.05072,public,supplier,9,500000,3293264,3297358,100000,0,0,0,100000,0,4491,3310747,300,6603870,,,,
1416615149.05072,pg_catalog,pg_rowsecurity,0,0,0,0,0,0,0,0,0,0,0,0,0,0,,,,
1416615149.05072,pg_catalog,pg_description,0,0,4260,0,0,0,0,0,0,0,0,0,1371,8114,0,0,0,0
1416615149.05072,pg_catalog,pg_foreign_data_wrapper,0,0,0,0,0,0,0,0,0,0,0,0,0,0,,,,
1416615149.05072,pg_catalog,pg_conversion,0,0,0,0,0,0,0,0,0,0,0,0,0,0,,,,
1416615149.05072,public,customer,10,9000000,28,28,1500000,0,0,0,1500000,0,68533,294885,10,114,,,,
1416615149.05072,pg_catalog,pg_class,11520,2609943,763960,698575,1719,537,1681,527,337,97,7063,803024,6834,1599406,,,,
1416615149.05072,information_schema,sql_implementation_info,0,0,,,0,0,0,0,0,0,0,0,,,0,0,0,0
1416615149.05072,pg_catalog,pg_opfamily,0,0,0,0,0,0,0,0,0,0,0,0,0,0,,,,
1416615149.05072,pg_catalog,pg_auth_members,0,0,0,0,0,0,0,0,0,0,0,0,0,0,,,,
1416615149.05072,pg_catalog,pg_operator,0,0,241493,1264726,0,0,0,0,0,0,6145,875420,5386,523598,,,,
1416615149.05072,information_schema,sql_languages,0,0,,,0,0,0,0,0,0,0,0,,,0,0,0,0
1416615149.05072,pg_toast,pg_toast_12693,0,0,0,0,0,0,0,0,0,0,0,0,0,0,,,,
1416615149.05072,pg_catalog,pg_attribute,2266,15450,625265,1410160,6244,170,6066,141,2514,312,21181,698846,5804,1308914,,,,
1416615149.05072,pg_toast,pg_toast_12698,0,0,0,0,0,0,0,0,0,0,0,0,0,0,,,,
1416615149.05072,pg_catalog,pg_tablespace,2,4,22140,22140,0,0,0,0,0,0,582,21560,1213,43167,,,,
1416615149.05072,public,region,6359,31770,12,12,5,0,0,0,5,0,2,6366,4,12,,,,
1416615149.05072,pg_catalog,pg_statistic,0,0,172245,165782,1387,3953,1324,3321,464,66,16301,160908,1871,369336,40793,164373,2452,248601
1416615149.05072,pg_toast,pg_toast_12703,0,0,0,0,0,0,0,0,0,0,0,0,0,0,,,,
1416615149.05072,information_schema,sql_packages,0,0,,,0,0,0,0,0,0,0,0,,,0,0,0,0
1416615149.05072,information_schema,sql_sizing_profiles,0,0,,,0,0,0,0,0,0,0,0,,,0,0,0,0
1416615149.05072,pg_catalog,pg_aggregate,0,0,16706,16706,0,0,0,0,0,0,1172,15534,2712,26403,,,,
1416615149.05072,pg_catalog,pg_inherits,0,0,965,0,0,0,0,0,0,0,0,0,487,478,,,,
1416615149.05072,pg_catalog,pg_enum,0,0,0,0,0,0,0,0,0,0,0,0,0,0,,,,
1416615149.05072,pg_toast,pg_toast_2396,0,0,0,0,0,0,0,0,0,0,0,0,0,0,,,,
1416615149.05072,pg_catalog,pg_pltemplate,0,0,0,0,0,0,0,0,0,0,0,0,0,0,,,,
1416615149.05072,pg_toast,pg_toast_2618,0,0,3045,9724,0,0,0,0,0,0,1873,1861,546,4366,,,,
1416615149.05072,pg_toast,pg_toast_3596,0,0,0,0,0,0,0,0,0,0,0,0,0,0,,,,
1416615149.05072,information_schema,sql_features,0,0,,,0,0,0,0,0,0,0,0,,,0,0,0,0
1416615149.05072,pg_toast,pg_toast_2606,0,0,0,0,0,0,0,0,0,0,0,0,0,0,,,,
1416615149.05072,pg_toast,pg_toast_12723,0,0,0,0,0,0,0,0,0,0,0,0,0,0,,,,
1416615149.05072,pg_toast,pg_toast_2964,0,0,0,0,0,0,0,0,0,0,0,0,0,0,,,,
1416615149.05072,pg_catalog,pg_database,3410,13244,109489,109487,1,0,0,0,1,0,244,112654,1589,175118,,,,
1416615149.05072,public,partsupp,6,32000000,47981,1699314,8000000,0,0,0,8000000,0,639857,2444667,34009,114838,,,,
1416615149.05072,information_schema,sql_sizing,0,0,,,0,0,0,0,0,0,0,0,,,0,0,0,0
1416615149.05072,pg_toast,pg_toast_2620,0,0,0,0,0,0,0,0,0,0,0,0,0,0,,,,
1416615149.05072,pg_catalog,pg_depend,0,0,40232,43240,7429,0,7339,0,7107,1349,7631,49815,11063,103592,,,,
1416615149.05072,pg_catalog,pg_language,0,0,0,0,0,0,0,0,0,0,0,0,0,0,,,,
1416615149.05072,pg_catalog,pg_amproc,412,824,142148,294732,0,0,0,0,0,0,1535,139621,1241,315304,,,,
1416615149.05072,pg_catalog,pg_collation,0,0,0,0,0,0,0,0,0,0,0,0,0,0,,,,
1416615149.05072,pg_toast,pg_toast_12708,0,0,0,0,0,0,0,0,0,0,0,0,0,0,,,,
1416615149.05072,pg_catalog,pg_range,0,0,7529,0,0,0,0,0,0,0,0,0,2761,12297,,,,
1416615149.05072,pg_toast,pg_toast_2609,0,0,0,0,0,0,0,0,0,0,0,0,0,0,,,,
1416615149.05072,pg_catalog,pg_opclass,412,412,194036,2124915,0,0,0,0,0,0,1262,846070,2832,236572,,,,
1416615149.05072,pg_catalog,pg_rewrite,0,0,7445,5834,537,0,537,0,110,19,3891,6463,1777,10909,1873,1861,1092,8732
1416615149.05072,pg_toast,pg_toast_1255,0,0,0,0,0,0,0,0,0,0,0,0,0,0,,,,
1416615149.05072,pg_catalog,pg_seclabel,0,0,4260,0,0,0,0,0,0,0,0,0,442,3818,0,0,0,0
1416615149.05072,public,part,10,16000000,47,2023775,2000000,0,0,0,2000000,0,138353,409551,5672,161,,,,
1416615149.05072,pg_catalog,pg_ts_parser,0,0,0,0,0,0,0,0,0,0,0,0,0,0,,,,
1416615149.05072,pg_catalog,pg_trigger,0,0,0,0,0,0,0,0,0,0,0,0,0,0,0,0,0,0
1416615149.05072,public,orders,10,60000000,3267831,3267831,15015000,0,0,0,15015000,0,1045005,4286973,43915,9913098,,,,
1416615149.05072,pg_catalog,pg_shseclabel,0,0,0,0,0,0,0,0,0,0,0,0,0,0,,,,
1416615149.05072,pg_catalog,pg_event_trigger,0,0,1621,0,0,0,0,0,0,0,0,0,485,1136,,,,
1416615149.05072,pg_catalog,pg_foreign_table,0,0,0,0,0,0,0,0,0,0,0,0,0,0,,,,
1416615149.05072,pg_catalog,pg_extension,0,0,0,0,0,0,0,0,0,0,0,0,0,0,,,,
1416615149.05072,pg_catalog,pg_ts_config,0,0,0,0,0,0,0,0,0,0,0,0,0,0,,,,
1416615149.05072,pg_catalog,pg_shdescription,0,0,0,0,0,0,0,0,0,0,0,0,0,0,0,0,0,0
1416615149.05072,pg_catalog,pg_cast,0,0,1047602,248123,0,0,0,0,0,0,1269,246854,789,1076725,,,,
1416615149.05072,pg_catalog,pg_amop,0,0,273554,483593,0,0,0,0,0,0,2153,462875,4959,578833,,,,
1416615149.05072,pg_catalog,pg_user_mapping,0,0,0,0,0,0,0,0,0,0,0,0,0,0,,,,
1416615149.05072,pg_catalog,pg_type,0,0,741293,734010,1933,0,1914,0,360,93,4626,737703,7205,1523336,,,,
1416615149.05072,information_schema,sql_parts,0,0,,,0,0,0,0,0,0,0,0,,,0,0,0,0
1416615149.05072,pg_catalog,pg_largeobject,0,0,0,0,0,0,0,0,0,0,0,0,0,0,,,,
1416615149.05072,public,nation,16,125,25458,25458,25,0,0,0,25,0,3,25462,6,25464,,,,
1416615149.05072,pg_catalog,pg_ts_config_map,0,0,0,0,0,0,0,0,0,0,0,0,0,0,,,,
1416615149.05072,pg_catalog,pg_largeobject_metadata,0,0,0,0,0,0,0,0,0,0,0,0,0,0,,,,
1416615149.05072,pg_catalog,pg_am,37277,37277,0,0,0,0,0,0,0,0,407,36870,0,0,,,,
1416615149.05072,pg_toast,pg_toast_12718,0,0,0,0,0,0,0,0,0,0,0,0,0,0,,,,
1416615149.05072,pg_catalog,pg_ts_template,0,0,0,0,0,0,0,0,0,0,0,0,0,0,,,,
1416615149.05072,pg_catalog,pg_foreign_server,0,0,0,0,0,0,0,0,0,0,0,0,0,0,,,,
1416615149.05072,pg_catalog,pg_namespace,1310,42046,165242,134348,42,0,0,0,42,0,423,135341,1975,196452,,,,
1416615149.05072,pg_toast,pg_toast_2619,0,0,124583,421306,5065,0,4815,0,260,16,40793,164373,2452,248601,,,,
1416615149.05072,pg_catalog,pg_authid,721,721,62050,62050,0,0,0,0,0,0,353,62418,1653,122447,,,,
1416615149.05072,pg_catalog,pg_default_acl,0,0,3900,0,0,0,0,0,0,0,0,0,444,3456,,,,
1416615149.05072,public,time_statistics,8,43,,,10,8,0,8,10,8,3,23,,,,,,
1416615149.05072,pg_catalog,pg_shdepend,0,0,5279,1018,0,0,0,0,0,0,484,534,1898,5323,,,,
1416615149.05072,pg_catalog,pg_constraint,0,0,264,128,136,0,128,0,10,16,75,750,136,1352,0,0,0,0
1416615149.05072,pg_catalog,pg_index,4388,414672,338993,486046,744,0,716,0,143,0,3721,474290,2357,388487,,,,
1416615149.05072,pg_catalog,pg_ts_dict,0,0,0,0,0,0,0,0,0,0,0,0,0,0,,,,
1416615149.05072,pg_toast,pg_toast_2604,0,0,0,0,0,0,0,0,0,0,0,0,0,0,,,,
1416615149.05072,public,lineitem,13,539874468,526212,25603602,60045669,0,0,0,60045304,0,9769462,20645441,264203,3360776,,,,
1416615149.05072,pg_catalog,pg_proc,0,0,272769,404818,0,0,0,0,0,0,26479,267627,11003,593557,0,0,0,0
1416615209.05384,pg_catalog,pg_attrdef,0,0,0,0,0,0,0,0,0,0,0,0,0,0,0,0,0,0
1416615209.05384,pg_catalog,pg_db_role_setting,0,0,134616,0,0,0,0,0,0,0,0,0,344,134272,0,0,0,0
1416615209.05384,pg_toast,pg_toast_12713,0,0,0,0,0,0,0,0,0,0,0,0,0,0,,,,
1416615209.05384,public,supplier,9,500000,3317383,3321477,100000,0,0,0,100000,0,6588,3332769,578,6651969,,,,
1416615209.05384,pg_catalog,pg_rowsecurity,0,0,0,0,0,0,0,0,0,0,0,0,0,0,,,,
1416615209.05384,pg_catalog,pg_description,0,0,4260,0,0,0,0,0,0,0,0,0,1371,8114,0,0,0,0
1416615209.05384,pg_catalog,pg_foreign_data_wrapper,0,0,0,0,0,0,0,0,0,0,0,0,0,0,,,,
1416615209.05384,pg_catalog,pg_conversion,0,0,0,0,0,0,0,0,0,0,0,0,0,0,,,,
1416615209.05384,public,customer,11,10500000,41,300306,1500000,0,0,0,1500000,0,103811,440293,850,143,,,,
1416615209.05384,pg_catalog,pg_class,11530,2612993,764424,699025,1719,537,1681,527,337,97,7064,803574,6837,1600358,,,,
1416615209.05384,information_schema,sql_implementation_info,0,0,,,0,0,0,0,0,0,0,0,,,0,0,0,0
1416615209.05384,pg_catalog,pg_opfamily,0,0,0,0,0,0,0,0,0,0,0,0,0,0,,,,
1416615209.05384,pg_catalog,pg_auth_members,0,0,0,0,0,0,0,0,0,0,0,0,0,0,,,,
1416615209.05384,pg_catalog,pg_operator,0,0,241552,1265060,0,0,0,0,0,0,6145,875649,5386,523733,,,,
1416615209.05384,information_schema,sql_languages,0,0,,,0,0,0,0,0,0,0,0,,,0,0,0,0
1416615209.05384,pg_toast,pg_toast_12693,0,0,0,0,0,0,0,0,0,0,0,0,0,0,,,,
1416615209.05384,pg_catalog,pg_attribute,2266,15450,625572,1410733,6244,170,6066,141,2514,312,21185,699161,5804,1309543,,,,
1416615209.05384,pg_toast,pg_toast_12698,0,0,0,0,0,0,0,0,0,0,0,0,0,0,,,,
1416615209.05384,pg_catalog,pg_tablespace,2,4,22149,22149,0,0,0,0,0,0,582,21569,1213,43185,,,,
1416615209.05384,public,region,6360,31775,14,14,5,0,0,0,5,0,3,6368,6,13,,,,
1416615209.05384,pg_catalog,pg_statistic,0,0,172308,165833,1387,3953,1324,3321,464,66,16311,160949,1871,369471,40804,164401,2452,248664
1416615209.05384,pg_toast,pg_toast_12703,0,0,0,0,0,0,0,0,0,0,0,0,0,0,,,,
1416615209.05384,information_schema,sql_packages,0,0,,,0,0,0,0,0,0,0,0,,,0,0,0,0
1416615209.05384,information_schema,sql_sizing_profiles,0,0,,,0,0,0,0,0,0,0,0,,,0,0,0,0
1416615209.05384,pg_catalog,pg_aggregate,0,0,16709,16709,0,0,0,0,0,0,1172,15537,2712,26409,,,,
1416615209.05384,pg_catalog,pg_inherits,0,0,965,0,0,0,0,0,0,0,0,0,487,478,,,,
1416615209.05384,pg_catalog,pg_enum,0,0,0,0,0,0,0,0,0,0,0,0,0,0,,,,
1416615209.05384,pg_toast,pg_toast_2396,0,0,0,0,0,0,0,0,0,0,0,0,0,0,,,,
1416615209.05384,pg_catalog,pg_pltemplate,0,0,0,0,0,0,0,0,0,0,0,0,0,0,,,,
1416615209.05384,pg_toast,pg_toast_2618,0,0,3050,9740,0,0,0,0,0,0,1878,1862,547,4373,,,,
1416615209.05384,pg_toast,pg_toast_3596,0,0,0,0,0,0,0,0,0,0,0,0,0,0,,,,
1416615209.05384,information_schema,sql_features,0,0,,,0,0,0,0,0,0,0,0,,,0,0,0,0
1416615209.05384,pg_toast,pg_toast_2606,0,0,0,0,0,0,0,0,0,0,0,0,0,0,,,,
1416615209.05384,pg_toast,pg_toast_12723,0,0,0,0,0,0,0,0,0,0,0,0,0,0,,,,
1416615209.05384,pg_toast,pg_toast_2964,0,0,0,0,0,0,0,0,0,0,0,0,0,0,,,,
1416615209.05384,pg_catalog,pg_database,3413,13256,109536,109534,1,0,0,0,1,0,244,112704,1589,175191,,,,
1416615209.05384,public,partsupp,6,32000000,47981,1699314,8000000,0,0,0,8000000,0,639857,2444667,34009,114838,,,,
1416615209.05384,information_schema,sql_sizing,0,0,,,0,0,0,0,0,0,0,0,,,0,0,0,0
1416615209.05384,pg_toast,pg_toast_2620,0,0,0,0,0,0,0,0,0,0,0,0,0,0,,,,
1416615209.05384,pg_catalog,pg_depend,0,0,40232,43240,7429,0,7339,0,7107,1349,7631,49815,11063,103592,,,,
1416615209.05384,pg_catalog,pg_language,0,0,0,0,0,0,0,0,0,0,0,0,0,0,,,,
1416615209.05384,pg_catalog,pg_amproc,412,824,142191,294798,0,0,0,0,0,0,1535,139664,1241,315401,,,,
1416615209.05384,pg_catalog,pg_collation,0,0,0,0,0,0,0,0,0,0,0,0,0,0,,,,
1416615209.05384,pg_toast,pg_toast_12708,0,0,0,0,0,0,0,0,0,0,0,0,0,0,,,,
1416615209.05384,pg_catalog,pg_range,0,0,7532,0,0,0,0,0,0,0,0,0,2761,12303,,,,
1416615209.05384,pg_toast,pg_toast_2609,0,0,0,0,0,0,0,0,0,0,0,0,0,0,,,,
1416615209.05384,pg_catalog,pg_opclass,412,412,194089,2125540,0,0,0,0,0,0,1262,846315,2832,236641,,,,
1416615209.05384,pg_catalog,pg_rewrite,0,0,7452,5841,537,0,537,0,110,19,3896,6465,1777,10921,1878,1862,1094,8746
1416615209.05384,pg_toast,pg_toast_1255,0,0,0,0,0,0,0,0,0,0,0,0,0,0,,,,
1416615209.05384,pg_catalog,pg_seclabel,0,0,4260,0,0,0,0,0,0,0,0,0,442,3818,0,0,0,0
1416615209.05384,public,part,10,16000000,52,2037014,2000000,0,0,0,2000000,0,149705,409564,5754,178,,,,
1416615209.05384,pg_catalog,pg_ts_parser,0,0,0,0,0,0,0,0,0,0,0,0,0,0,,,,
1416615209.05384,pg_catalog,pg_trigger,0,0,0,0,0,0,0,0,0,0,0,0,0,0,0,0,0,0
1416615209.05384,public,orders,11,75015000,3665040,3388606,15015000,0,0,0,15015000,0,1302992,4403283,85121,11064953,,,,
1416615209.05384,pg_catalog,pg_shseclabel,0,0,0,0,0,0,0,0,0,0,0,0,0,0,,,,
1416615209.05384,pg_catalog,pg_event_trigger,0,0,1621,0,0,0,0,0,0,0,0,0,485,1136,,,,
1416615209.05384,pg_catalog,pg_foreign_table,0,0,0,0,0,0,0,0,0,0,0,0,0,0,,,,
1416615209.05384,pg_catalog,pg_extension,0,0,0,0,0,0,0,0,0,0,0,0,0,0,,,,
1416615209.05384,pg_catalog,pg_ts_config,0,0,0,0,0,0,0,0,0,0,0,0,0,0,,,,
1416615209.05384,pg_catalog,pg_shdescription,0,0,0,0,0,0,0,0,0,0,0,0,0,0,0,0,0,0
1416615209.05384,pg_catalog,pg_cast,0,0,1047964,248202,0,0,0,0,0,0,1269,246933,789,1077098,,,,
1416615209.05384,pg_catalog,pg_amop,0,0,273641,483747,0,0,0,0,0,0,2153,463024,4959,579021,,,,
1416615209.05384,pg_catalog,pg_user_mapping,0,0,0,0,0,0,0,0,0,0,0,0,0,0,,,,
1416615209.05384,pg_catalog,pg_type,0,0,741573,734290,1933,0,1914,0,360,93,4626,737983,7209,1523904,,,,
1416615209.05384,information_schema,sql_parts,0,0,,,0,0,0,0,0,0,0,0,,,0,0,0,0
1416615209.05384,pg_catalog,pg_largeobject,0,0,0,0,0,0,0,0,0,0,0,0,0,0,,,,
1416615209.05384,public,nation,18,175,25464,25464,25,0,0,0,25,0,4,25469,8,25469,,,,
1416615209.05384,pg_catalog,pg_ts_config_map,0,0,0,0,0,0,0,0,0,0,0,0,0,0,,,,
1416615209.05384,pg_catalog,pg_largeobject_metadata,0,0,0,0,0,0,0,0,0,0,0,0,0,0,,,,
1416615209.05384,pg_catalog,pg_am,37288,37288,0,0,0,0,0,0,0,0,407,36881,0,0,,,,
1416615209.05384,pg_toast,pg_toast_12718,0,0,0,0,0,0,0,0,0,0,0,0,0,0,,,,
1416615209.05384,pg_catalog,pg_ts_template,0,0,0,0,0,0,0,0,0,0,0,0,0,0,,,,
1416615209.05384,pg_catalog,pg_foreign_server,0,0,0,0,0,0,0,0,0,0,0,0,0,0,,,,
1416615209.05384,pg_catalog,pg_namespace,1312,42142,165417,134512,42,0,0,0,42,0,423,135507,1976,196639,,,,
1416615209.05384,pg_toast,pg_toast_2619,0,0,124612,421391,5065,0,4815,0,260,16,40804,164401,2452,248664,,,,
1416615209.05384,pg_catalog,pg_authid,722,722,62072,62072,0,0,0,0,0,0,353,62441,1653,122491,,,,
1416615209.05384,pg_catalog,pg_default_acl,0,0,3900,0,0,0,0,0,0,0,0,0,444,3456,,,,
1416615209.05384,public,time_statistics,10,64,,,12,10,0,10,12,10,3,29,,,,,,
1416615209.05384,pg_catalog,pg_shdepend,0,0,5279,1018,0,0,0,0,0,0,484,534,1898,5323,,,,
1416615209.05384,pg_catalog,pg_constraint,0,0,264,128,136,0,128,0,10,16,75,750,136,1352,0,0,0,0
1416615209.05384,pg_catalog,pg_index,4393,415387,339100,486198,744,0,716,0,143,0,3721,474459,2357,388612,,,,
1416615209.05384,pg_catalog,pg_ts_dict,0,0,0,0,0,0,0,0,0,0,0,0,0,0,,,,
1416615209.05384,pg_toast,pg_toast_2604,0,0,0,0,0,0,0,0,0,0,0,0,0,0,,,,
1416615209.05384,public,lineitem,15,659965806,539459,26000815,60045669,0,0,0,60045304,0,10375935,22569131,279433,3400596,,,,
1416615209.05384,pg_catalog,pg_proc,0,0,272897,405002,0,0,0,0,0,0,26485,267767,11003,593835,0,0,0,0
1416615269.05414,pg_catalog,pg_attrdef,0,0,0,0,0,0,0,0,0,0,0,0,0,0,0,0,0,0
1416615269.05414,pg_catalog,pg_db_role_setting,0,0,134668,0,0,0,0,0,0,0,0,0,344,134324,0,0,0,0
1416615269.05414,pg_toast,pg_toast_12713,0,0,0,0,0,0,0,0,0,0,0,0,0,0,,,,
1416615269.05414,public,supplier,9,500000,3317388,3325468,100000,0,0,0,100000,0,6588,3334618,591,6651980,,,,
1416615269.05414,pg_catalog,pg_rowsecurity,0,0,0,0,0,0,0,0,0,0,0,0,0,0,,,,
1416615269.05414,pg_catalog,pg_description,0,0,4260,0,0,0,0,0,0,0,0,0,1371,8114,0,0,0,0
1416615269.05414,pg_catalog,pg_foreign_data_wrapper,0,0,0,0,0,0,0,0,0,0,0,0,0,0,,,,
1416615269.05414,pg_catalog,pg_conversion,0,0,0,0,0,0,0,0,0,0,0,0,0,0,,,,
1416615269.05414,public,customer,12,12000000,43,300308,1500000,0,0,0,1500000,0,126119,453265,859,145,,,,
1416615269.05414,pg_catalog,pg_class,11540,2616043,764869,699460,1719,537,1681,527,337,97,7065,804109,6839,1601278,,,,
1416615269.05414,information_schema,sql_implementation_info,0,0,,,0,0,0,0,0,0,0,0,,,0,0,0,0
1416615269.05414,pg_catalog,pg_opfamily,0,0,0,0,0,0,0,0,0,0,0,0,0,0,,,,
1416615269.05414,pg_catalog,pg_auth_members,0,0,0,0,0,0,0,0,0,0,0,0,0,0,,,,
1416615269.05414,pg_catalog,pg_operator,0,0,241598,1265228,0,0,0,0,0,0,6145,875767,5386,523842,,,,
1416615269.05414,information_schema,sql_languages,0,0,,,0,0,0,0,0,0,0,0,,,0,0,0,0
1416615269.05414,pg_toast,pg_toast_12693,0,0,0,0,0,0,0,0,0,0,0,0,0,0,,,,
1416615269.05414,pg_catalog,pg_attribute,2266,15450,625869,1411284,6244,170,6066,141,2514,312,21187,699472,5804,1310158,,,,
1416615269.05414,pg_toast,pg_toast_12698,0,0,0,0,0,0,0,0,0,0,0,0,0,0,,,,
1416615269.05414,pg_catalog,pg_tablespace,2,4,22158,22158,0,0,0,0,0,0,582,21578,1213,43203,,,,
1416615269.05414,public,region,6360,31775,14,14,5,0,0,0,5,0,3,6368,6,13,,,,
1416615269.05414,pg_catalog,pg_statistic,0,0,172362,165873,1387,3953,1324,3321,464,66,16317,160983,1871,369589,40816,164418,2452,248709
1416615269.05414,pg_toast,pg_toast_12703,0,0,0,0,0,0,0,0,0,0,0,0,0,0,,,,
1416615269.05414,information_schema,sql_packages,0,0,,,0,0,0,0,0,0,0,0,,,0,0,0,0
1416615269.05414,information_schema,sql_sizing_profiles,0,0,,,0,0,0,0,0,0,0,0,,,0,0,0,0
1416615269.05414,pg_catalog,pg_aggregate,0,0,16713,16713,0,0,0,0,0,0,1172,15541,2712,26416,,,,
1416615269.05414,pg_catalog,pg_inherits,0,0,965,0,0,0,0,0,0,0,0,0,487,478,,,,
1416615269.05414,pg_catalog,pg_enum,0,0,0,0,0,0,0,0,0,0,0,0,0,0,,,,
1416615269.05414,pg_toast,pg_toast_2396,0,0,0,0,0,0,0,0,0,0,0,0,0,0,,,,
1416615269.05414,pg_catalog,pg_pltemplate,0,0,0,0,0,0,0,0,0,0,0,0,0,0,,,,
1416615269.05414,pg_toast,pg_toast_2618,0,0,3056,9758,0,0,0,0,0,0,1883,1864,548,4382,,,,
1416615269.05414,pg_toast,pg_toast_3596,0,0,0,0,0,0,0,0,0,0,0,0,0,0,,,,
1416615269.05414,information_schema,sql_features,0,0,,,0,0,0,0,0,0,0,0,,,0,0,0,0
1416615269.05414,pg_toast,pg_toast_2606,0,0,0,0,0,0,0,0,0,0,0,0,0,0,,,,
1416615269.05414,pg_toast,pg_toast_12723,0,0,0,0,0,0,0,0,0,0,0,0,0,0,,,,
1416615269.05414,pg_toast,pg_toast_2964,0,0,0,0,0,0,0,0,0,0,0,0,0,0,,,,
1416615269.05414,pg_catalog,pg_database,3416,13268,109583,109581,1,0,0,0,1,0,244,112754,1589,175264,,,,
1416615269.05414,public,partsupp,6,32000000,47981,1699314,8000000,0,0,0,8000000,0,639857,2444667,34009,114838,,,,
1416615269.05414,information_schema,sql_sizing,0,0,,,0,0,0,0,0,0,0,0,,,0,0,0,0
1416615269.05414,pg_toast,pg_toast_2620,0,0,0,0,0,0,0,0,0,0,0,0,0,0,,,,
1416615269.05414,pg_catalog,pg_depend,0,0,40232,43240,7429,0,7339,0,7107,1349,7631,49815,11063,103592,,,,
1416615269.05414,pg_catalog,pg_language,0,0,0,0,0,0,0,0,0,0,0,0,0,0,,,,
1416615269.05414,pg_catalog,pg_amproc,412,824,142237,294870,0,0,0,0,0,0,1535,139709,1241,315508,,,,
1416615269.05414,pg_catalog,pg_collation,0,0,0,0,0,0,0,0,0,0,0,0,0,0,,,,
1416615269.05414,pg_toast,pg_toast_12708,0,0,0,0,0,0,0,0,0,0,0,0,0,0,,,,
1416615269.05414,pg_catalog,pg_range,0,0,7534,0,0,0,0,0,0,0,0,0,2763,12305,,,,
1416615269.05414,pg_toast,pg_toast_2609,0,0,0,0,0,0,0,0,0,0,0,0,0,0,,,,
1416615269.05414,pg_catalog,pg_opclass,412,412,194142,2126084,0,0,0,0,0,0,1262,846532,2832,236714,,,,
1416615269.05414,pg_catalog,pg_rewrite,0,0,7460,5849,537,0,537,0,110,19,3901,6468,1777,10935,1883,1864,1096,8764
1416615269.05414,pg_toast,pg_toast_1255,0,0,0,0,0,0,0,0,0,0,0,0,0,0,,,,
1416615269.05414,pg_catalog,pg_seclabel,0,0,4260,0,0,0,0,0,0,0,0,0,442,3818,0,0,0,0
1416615269.05414,public,part,10,16000000,52,2037014,2000000,0,0,0,2000000,0,149705,409564,5754,178,,,,
1416615269.05414,pg_catalog,pg_ts_parser,0,0,0,0,0,0,0,0,0,0,0,0,0,0,,,,
1416615269.05414,pg_catalog,pg_trigger,0,0,0,0,0,0,0,0,0,0,0,0,0,0,0,0,0,0
1416615269.05414,public,orders,12,90030000,5179146,4902712,15015000,0,0,0,15015000,0,1505667,5968236,85152,15615631,,,,
1416615269.05414,pg_catalog,pg_shseclabel,0,0,0,0,0,0,0,0,0,0,0,0,0,0,,,,
1416615269.05414,pg_catalog,pg_event_trigger,0,0,1621,0,0,0,0,0,0,0,0,0,485,1136,,,,
1416615269.05414,pg_catalog,pg_foreign_table,0,0,0,0,0,0,0,0,0,0,0,0,0,0,,,,
1416615269.05414,pg_catalog,pg_extension,0,0,0,0,0,0,0,0,0,0,0,0,0,0,,,,
1416615269.05414,pg_catalog,pg_ts_config,0,0,0,0,0,0,0,0,0,0,0,0,0,0,,,,
1416615269.05414,pg_catalog,pg_shdescription,0,0,0,0,0,0,0,0,0,0,0,0,0,0,0,0,0,0
1416615269.05414,pg_catalog,pg_cast,0,0,1048194,248270,0,0,0,0,0,0,1269,247001,789,1077340,,,,
1416615269.05414,pg_catalog,pg_amop,0,0,273723,483890,0,0,0,0,0,0,2153,463164,4959,579201,,,,
1416615269.05414,pg_catalog,pg_user_mapping,0,0,0,0,0,0,0,0,0,0,0,0,0,0,,,,
1416615269.05414,pg_catalog,pg_type,0,0,741800,734515,1933,0,1914,0,360,93,4626,738208,7212,1524368,,,,
1416615269.05414,information_schema,sql_parts,0,0,,,0,0,0,0,0,0,0,0,,,0,0,0,0
1416615269.05414,pg_catalog,pg_largeobject,0,0,0,0,0,0,0,0,0,0,0,0,0,0,,,,
1416615269.05414,public,nation,19,200,25466,25466,25,0,0,0,25,0,4,25472,8,25472,,,,
1416615269.05414,pg_catalog,pg_ts_config_map,0,0,0,0,0,0,0,0,0,0,0,0,0,0,,,,
1416615269.05414,pg_catalog,pg_largeobject_metadata,0,0,0,0,0,0,0,0,0,0,0,0,0,0,,,,
1416615269.05414,pg_catalog,pg_am,37303,37303,0,0,0,0,0,0,0,0,407,36896,0,0,,,,
1416615269.05414,pg_toast,pg_toast_12718,0,0,0,0,0,0,0,0,0,0,0,0,0,0,,,,
1416615269.05414,pg_catalog,pg_ts_template,0,0,0,0,0,0,0,0,0,0,0,0,0,0,,,,
1416615269.05414,pg_catalog,pg_foreign_server,0,0,0,0,0,0,0,0,0,0,0,0,0,0,,,,
1416615269.05414,pg_catalog,pg_namespace,1314,42238,165594,134677,42,0,0,0,42,0,423,135674,1977,196829,,,,
1416615269.05414,pg_toast,pg_toast_2619,0,0,124632,421455,5065,0,4815,0,260,16,40816,164418,2452,248709,,,,
1416615269.05414,pg_catalog,pg_authid,723,723,62094,62094,0,0,0,0,0,0,353,62464,1653,122535,,,,
1416615269.05414,pg_catalog,pg_default_acl,0,0,3900,0,0,0,0,0,0,0,0,0,444,3456,,,,
1416615269.05414,public,time_statistics,12,89,,,14,12,0,12,14,12,3,35,,,,,,
1416615269.05414,pg_catalog,pg_shdepend,0,0,5279,1018,0,0,0,0,0,0,484,534,1898,5323,,,,
1416615269.05414,pg_catalog,pg_constraint,0,0,264,128,136,0,128,0,10,16,75,750,136,1352,0,0,0,0
1416615269.05414,pg_catalog,pg_index,4398,416102,339193,486323,744,0,716,0,143,0,3721,474599,2357,388728,,,,
1416615269.05414,pg_catalog,pg_ts_dict,0,0,0,0,0,0,0,0,0,0,0,0,0,0,,,,
1416615269.05414,pg_toast,pg_toast_2604,0,0,0,0,0,0,0,0,0,0,0,0,0,0,,,,
1416615269.05414,public,lineitem,15,659965806,1974822,65759629,60045669,0,0,0,60045304,0,11168053,24381946,546370,8984099,,,,
1416615269.05414,pg_catalog,pg_proc,0,0,273018,405167,0,0,0,0,0,0,26496,267895,11005,594099,0,0,0,0
1416615329.05769,pg_catalog,pg_attrdef,0,0,0,0,0,0,0,0,0,0,0,0,0,0,0,0,0,0
1416615329.05769,pg_catalog,pg_db_role_setting,0,0,134768,0,0,0,0,0,0,0,0,0,344,134424,0,0,0,0
1416615329.05769,pg_toast,pg_toast_12713,0,0,0,0,0,0,0,0,0,0,0,0,0,0,,,,
1416615329.05769,public,supplier,9,500000,3317400,3355626,100000,0,0,0,100000,0,8892,3336634,674,6652011,,,,
1416615329.05769,pg_catalog,pg_rowsecurity,0,0,0,0,0,0,0,0,0,0,0,0,0,0,,,,
1416615329.05769,pg_catalog,pg_description,0,0,4264,0,0,0,0,0,0,0,0,0,1374,8120,0,0,0,0
1416615329.05769,pg_catalog,pg_foreign_data_wrapper,0,0,0,0,0,0,0,0,0,0,0,0,0,0,,,,
1416615329.05769,pg_catalog,pg_conversion,0,0,0,0,0,0,0,0,0,0,0,0,0,0,,,,
1416615329.05769,public,customer,12,12000000,64,1173404,1500000,0,0,0,1500000,0,126119,559004,3607,187,,,,
1416615329.05769,pg_catalog,pg_class,11550,2619093,765454,700015,1720,538,1682,528,337,99,7068,804769,6842,1602501,,,,
1416615329.05769,information_schema,sql_implementation_info,0,0,,,0,0,0,0,0,0,0,0,,,0,0,0,0
1416615329.05769,pg_catalog,pg_opfamily,0,0,0,0,0,0,0,0,0,0,0,0,0,0,,,,
1416615329.05769,pg_catalog,pg_auth_members,0,0,0,0,0,0,0,0,0,0,0,0,0,0,,,,
1416615329.05769,pg_catalog,pg_operator,0,0,241717,1265873,0,0,0,0,0,0,6145,876208,5387,524111,,,,
1416615329.05769,information_schema,sql_languages,0,0,,,0,0,0,0,0,0,0,0,,,0,0,0,0
1416615329.05769,pg_toast,pg_toast_12693,0,0,0,0,0,0,0,0,0,0,0,0,0,0,,,,
1416615329.05769,pg_catalog,pg_attribute,2266,15450,626266,1412081,6246,170,6068,141,2514,314,21195,699892,5807,1310984,,,,
1416615329.05769,pg_toast,pg_toast_12698,0,0,0,0,0,0,0,0,0,0,0,0,0,0,,,,
1416615329.05769,pg_catalog,pg_tablespace,2,4,22175,22175,0,0,0,0,0,0,582,21595,1213,43237,,,,
1416615329.05769,public,region,6360,31775,14,14,5,0,0,0,5,0,3,6368,6,13,,,,
1416615329.05769,pg_catalog,pg_statistic,0,0,172452,165940,1387,3953,1324,3321,464,66,16322,161045,1871,369785,40858,164458,2452,248822
1416615329.05769,pg_toast,pg_toast_12703,0,0,0,0,0,0,0,0,0,0,0,0,0,0,,,,
1416615329.05769,information_schema,sql_packages,0,0,,,0,0,0,0,0,0,0,0,,,0,0,0,0
1416615329.05769,information_schema,sql_sizing_profiles,0,0,,,0,0,0,0,0,0,0,0,,,0,0,0,0
1416615329.05769,pg_catalog,pg_aggregate,0,0,16723,16723,0,0,0,0,0,0,1172,15551,2712,26433,,,,
1416615329.05769,pg_catalog,pg_inherits,0,0,966,0,0,0,0,0,0,0,0,0,488,478,,,,
1416615329.05769,pg_catalog,pg_enum,0,0,0,0,0,0,0,0,0,0,0,0,0,0,,,,
1416615329.05769,pg_toast,pg_toast_2396,0,0,0,0,0,0,0,0,0,0,0,0,0,0,,,,
1416615329.05769,pg_catalog,pg_pltemplate,0,0,0,0,0,0,0,0,0,0,0,0,0,0,,,,
1416615329.05769,pg_toast,pg_toast_2618,0,0,3060,9772,0,0,0,0,0,0,1883,1869,548,4388,,,,
1416615329.05769,pg_toast,pg_toast_3596,0,0,0,0,0,0,0,0,0,0,0,0,0,0,,,,
1416615329.05769,information_schema,sql_features,0,0,,,0,0,0,0,0,0,0,0,,,0,0,0,0
1416615329.05769,pg_toast,pg_toast_2606,0,0,0,0,0,0,0,0,0,0,0,0,0,0,,,,
1416615329.05769,pg_toast,pg_toast_12723,0,0,0,0,0,0,0,0,0,0,0,0,0,0,,,,
1416615329.05769,pg_toast,pg_toast_2964,0,0,0,0,0,0,0,0,0,0,0,0,0,0,,,,
1416615329.05769,pg_catalog,pg_database,3419,13280,109663,109661,1,0,0,0,1,0,244,112837,1589,175394,,,,
1416615329.05769,public,partsupp,7,40000000,56099,2347964,8000000,0,0,0,8000000,0,850350,3053782,38626,136389,,,,
1416615329.05769,information_schema,sql_sizing,0,0,,,0,0,0,0,0,0,0,0,,,0,0,0,0
1416615329.05769,pg_toast,pg_toast_2620,0,0,0,0,0,0,0,0,0,0,0,0,0,0,,,,
1416615329.05769,pg_catalog,pg_depend,0,0,40276,43292,7438,0,7348,0,7107,1358,7648,49860,11084,103697,,,,
1416615329.05769,pg_catalog,pg_language,0,0,0,0,0,0,0,0,0,0,0,0,0,0,,,,
1416615329.05769,pg_catalog,pg_amproc,412,824,142319,294993,0,0,0,0,0,0,1535,139789,1241,315694,,,,
1416615329.05769,pg_catalog,pg_collation,0,0,0,0,0,0,0,0,0,0,0,0,0,0,,,,
1416615329.05769,pg_toast,pg_toast_12708,0,0,0,0,0,0,0,0,0,0,0,0,0,0,,,,
1416615329.05769,pg_catalog,pg_range,0,0,7540,0,0,0,0,0,0,0,0,0,2763,12317,,,,
1416615329.05769,pg_toast,pg_toast_2609,0,0,0,0,0,0,0,0,0,0,0,0,0,0,,,,
1416615329.05769,pg_catalog,pg_opclass,412,412,194246,2127327,0,0,0,0,0,0,1262,847024,2832,236849,,,,
1416615329.05769,pg_catalog,pg_rewrite,0,0,7472,5858,538,0,538,0,110,20,3907,6480,1779,10953,1883,1869,1096,8776
1416615329.05769,pg_toast,pg_toast_1255,0,0,0,0,0,0,0,0,0,0,0,0,0,0,,,,
1416615329.05769,pg_catalog,pg_seclabel,0,0,4264,0,0,0,0,0,0,0,0,0,443,3821,0,0,0,0
1416615329.05769,public,part,10,16000000,62,2357095,2000000,0,0,0,2000000,0,190217,409566,6652,189,,,,
1416615329.05769,pg_catalog,pg_ts_parser,0,0,0,0,0,0,0,0,0,0,0,0,0,0,,,,
1416615329.05769,pg_catalog,pg_trigger,0,0,0,0,0,0,0,0,0,0,0,0,0,0,0,0,0,0
1416615329.05769,public,orders,14,120060000,5179151,5470569,15015000,0,0,0,15015000,0,1505667,6702922,86705,15615652,,,,
1416615329.05769,pg_catalog,pg_shseclabel,0,0,0,0,0,0,0,0,0,0,0,0,0,0,,,,
1416615329.05769,pg_catalog,pg_event_trigger,0,0,1622,0,0,0,0,0,0,0,0,0,486,1136,,,,
1416615329.05769,pg_catalog,pg_foreign_table,0,0,0,0,0,0,0,0,0,0,0,0,0,0,,,,
1416615329.05769,pg_catalog,pg_extension,0,0,0,0,0,0,0,0,0,0,0,0,0,0,,,,
1416615329.05769,pg_catalog,pg_ts_config,0,0,0,0,0,0,0,0,0,0,0,0,0,0,,,,
1416615329.05769,pg_catalog,pg_shdescription,0,0,0,0,0,0,0,0,0,0,0,0,0,0,0,0,0,0
1416615329.05769,pg_catalog,pg_cast,0,0,1048842,248415,0,0,0,0,0,0,1269,247146,789,1078010,,,,
1416615329.05769,pg_catalog,pg_amop,0,0,273872,484161,0,0,0,0,0,0,2153,463424,4961,579521,,,,
1416615329.05769,pg_catalog,pg_user_mapping,0,0,0,0,0,0,0,0,0,0,0,0,0,0,,,,
1416615329.05769,pg_catalog,pg_type,0,0,742310,735018,1935,0,1916,0,360,95,4631,738715,7215,1525419,,,,
1416615329.05769,information_schema,sql_parts,0,0,,,0,0,0,0,0,0,0,0,,,0,0,0,0
1416615329.05769,pg_catalog,pg_largeobject,0,0,0,0,0,0,0,0,0,0,0,0,0,0,,,,
1416615329.05769,public,nation,21,250,25470,25470,25,0,0,0,25,0,5,25477,10,25475,,,,
1416615329.05769,pg_catalog,pg_ts_config_map,0,0,0,0,0,0,0,0,0,0,0,0,0,0,,,,
1416615329.05769,pg_catalog,pg_largeobject_metadata,0,0,0,0,0,0,0,0,0,0,0,0,0,0,,,,
1416615329.05769,pg_catalog,pg_am,37325,37325,0,0,0,0,0,0,0,0,407,36918,0,0,,,,
1416615329.05769,pg_toast,pg_toast_12718,0,0,0,0,0,0,0,0,0,0,0,0,0,0,,,,
1416615329.05769,pg_catalog,pg_ts_template,0,0,0,0,0,0,0,0,0,0,0,0,0,0,,,,
1416615329.05769,pg_catalog,pg_foreign_server,0,0,0,0,0,0,0,0,0,0,0,0,0,0,,,,
1416615329.05769,pg_catalog,pg_namespace,1316,42334,165800,134861,42,0,0,0,42,0,423,135860,1977,197060,,,,
1416615329.05769,pg_toast,pg_toast_2619,0,0,124684,421634,5065,0,4815,0,260,16,40858,164458,2452,248822,,,,
1416615329.05769,pg_catalog,pg_authid,724,724,62140,62140,0,0,0,0,0,0,353,62511,1653,122627,,,,
1416615329.05769,pg_catalog,pg_default_acl,0,0,3904,0,0,0,0,0,0,0,0,0,445,3459,,,,
1416615329.05769,public,time_statistics,18,188,,,20,18,0,18,20,18,3,53,,,,,,
1416615329.05769,pg_catalog,pg_shdepend,0,0,5284,1019,0,0,0,0,0,0,485,534,1902,5326,,,,
1416615329.05769,pg_catalog,pg_constraint,0,0,264,128,136,0,128,0,10,16,75,750,136,1352,0,0,0,0
1416615329.05769,pg_catalog,pg_index,4403,416817,339357,486551,744,0,716,0,143,0,3721,474841,2357,388924,,,,
1416615329.05769,pg_catalog,pg_ts_dict,0,0,0,0,0,0,0,0,0,0,0,0,0,0,,,,
1416615329.05769,pg_toast,pg_toast_2604,0,0,0,0,0,0,0,0,0,0,0,0,0,0,,,,
1416615329.05769,public,lineitem,16,720011475,2542681,70768631,60045669,0,0,0,60045304,0,13110747,25329333,661938,11153830,,,,
1416615329.05769,pg_catalog,pg_proc,0,0,273214,405451,0,0,0,0,0,0,26502,268110,11008,594532,0,0,0,0
1416615389.05922,pg_catalog,pg_attrdef,0,0,0,0,0,0,0,0,0,0,0,0,0,0,0,0,0,0
1416615389.05922,pg_catalog,pg_db_role_setting,0,0,134796,0,0,0,0,0,0,0,0,0,344,134452,0,0,0,0
1416615389.05922,pg_toast,pg_toast_12713,0,0,0,0,0,0,0,0,0,0,0,0,0,0,,,,
1416615389.05922,public,supplier,9,500000,3317400,3355626,100000,0,0,0,100000,0,8892,3336634,674,6652011,,,,
1416615389.05922,pg_catalog,pg_rowsecurity,0,0,0,0,0,0,0,0,0,0,0,0,0,0,,,,
1416615389.05922,pg_catalog,pg_description,0,0,4264,0,0,0,0,0,0,0,0,0,1374,8120,0,0,0,0
1416615389.05922,pg_catalog,pg_foreign_data_wrapper,0,0,0,0,0,0,0,0,0,0,0,0,0,0,,,,
1416615389.05922,pg_catalog,pg_conversion,0,0,0,0,0,0,0,0,0,0,0,0,0,0,,,,
1416615389.05922,public,customer,12,12000000,64,1173404,1500000,0,0,0,1500000,0,126119,559004,3607,187,,,,
1416615389.05922,pg_catalog,pg_class,11560,2622143,765816,700377,1720,538,1682,528,337,99,7069,805231,6844,1603242,,,,
1416615389.05922,information_schema,sql_implementation_info,0,0,,,0,0,0,0,0,0,0,0,,,0,0,0,0
1416615389.05922,pg_catalog,pg_opfamily,0,0,0,0,0,0,0,0,0,0,0,0,0,0,,,,
1416615389.05922,pg_catalog,pg_auth_members,0,0,0,0,0,0,0,0,0,0,0,0,0,0,,,,
1416615389.05922,pg_catalog,pg_operator,0,0,241735,1265891,0,0,0,0,0,0,6145,876226,5387,524156,,,,
1416615389.05922,information_schema,sql_languages,0,0,,,0,0,0,0,0,0,0,0,,,0,0,0,0
1416615389.05922,pg_toast,pg_toast_12693,0,0,0,0,0,0,0,0,0,0,0,0,0,0,,,,
1416615389.05922,pg_catalog,pg_attribute,2266,15450,626494,1412467,6246,170,6068,141,2514,314,21205,700119,5809,1311450,,,,
1416615389.05922,pg_toast,pg_toast_12698,0,0,0,0,0,0,0,0,0,0,0,0,0,0,,,,
1416615389.05922,pg_catalog,pg_tablespace,2,4,22180,22180,0,0,0,0,0,0,582,21600,1213,43247,,,,
1416615389.05922,public,region,6360,31775,14,14,5,0,0,0,5,0,3,6368,6,13,,,,
1416615389.05922,pg_catalog,pg_statistic,0,0,172481,165961,1387,3953,1324,3321,464,66,16328,161060,1873,369847,40859,164460,2452,248831
1416615389.05922,pg_toast,pg_toast_12703,0,0,0,0,0,0,0,0,0,0,0,0,0,0,,,,
1416615389.05922,information_schema,sql_packages,0,0,,,0,0,0,0,0,0,0,0,,,0,0,0,0
1416615389.05922,information_schema,sql_sizing_profiles,0,0,,,0,0,0,0,0,0,0,0,,,0,0,0,0
1416615389.05922,pg_catalog,pg_aggregate,0,0,16724,16724,0,0,0,0,0,0,1172,15552,2712,26435,,,,
1416615389.05922,pg_catalog,pg_inherits,0,0,966,0,0,0,0,0,0,0,0,0,488,478,,,,
1416615389.05922,pg_catalog,pg_enum,0,0,0,0,0,0,0,0,0,0,0,0,0,0,,,,
1416615389.05922,pg_toast,pg_toast_2396,0,0,0,0,0,0,0,0,0,0,0,0,0,0,,,,
1416615389.05922,pg_catalog,pg_pltemplate,0,0,0,0,0,0,0,0,0,0,0,0,0,0,,,,
1416615389.05922,pg_toast,pg_toast_2618,0,0,3066,9790,0,0,0,0,0,0,1888,1871,550,4396,,,,
1416615389.05922,pg_toast,pg_toast_3596,0,0,0,0,0,0,0,0,0,0,0,0,0,0,,,,
1416615389.05922,information_schema,sql_features,0,0,,,0,0,0,0,0,0,0,0,,,0,0,0,0
1416615389.05922,pg_toast,pg_toast_2606,0,0,0,0,0,0,0,0,0,0,0,0,0,0,,,,
1416615389.05922,pg_toast,pg_toast_12723,0,0,0,0,0,0,0,0,0,0,0,0,0,0,,,,
1416615389.05922,pg_toast,pg_toast_2964,0,0,0,0,0,0,0,0,0,0,0,0,0,0,,,,
1416615389.05922,pg_catalog,pg_database,3422,13292,109692,109690,1,0,0,0,1,0,244,112869,1589,175437,,,,
1416615389.05922,public,partsupp,7,40000000,56099,2347964,8000000,0,0,0,8000000,0,850350,3053782,38626,136389,,,,
1416615389.05922,information_schema,sql_sizing,0,0,,,0,0,0,0,0,0,0,0,,,0,0,0,0
1416615389.05922,pg_toast,pg_toast_2620,0,0,0,0,0,0,0,0,0,0,0,0,0,0,,,,
1416615389.05922,pg_catalog,pg_depend,0,0,40276,43292,7438,0,7348,0,7107,1358,7648,49860,11084,103697,,,,
1416615389.05922,pg_catalog,pg_language,0,0,0,0,0,0,0,0,0,0,0,0,0,0,,,,
1416615389.05922,pg_catalog,pg_amproc,412,824,142340,295027,0,0,0,0,0,0,1535,139810,1241,315744,,,,
1416615389.05922,pg_catalog,pg_collation,0,0,0,0,0,0,0,0,0,0,0,0,0,0,,,,
1416615389.05922,pg_toast,pg_toast_12708,0,0,0,0,0,0,0,0,0,0,0,0,0,0,,,,
1416615389.05922,pg_catalog,pg_range,0,0,7540,0,0,0,0,0,0,0,0,0,2763,12317,,,,
1416615389.05922,pg_toast,pg_toast_2609,0,0,0,0,0,0,0,0,0,0,0,0,0,0,,,,
1416615389.05922,pg_catalog,pg_opclass,412,412,194267,2127515,0,0,0,0,0,0,1262,847097,2832,236881,,,,
1416615389.05922,pg_catalog,pg_rewrite,0,0,7480,5866,538,0,538,0,110,20,3912,6483,1780,10966,1888,1871,1100,8792
1416615389.05922,pg_toast,pg_toast_1255,0,0,0,0,0,0,0,0,0,0,0,0,0,0,,,,
1416615389.05922,pg_catalog,pg_seclabel,0,0,4264,0,0,0,0,0,0,0,0,0,443,3821,0,0,0,0
1416615389.05922,public,part,10,16000000,62,2357095,2000000,0,0,0,2000000,0,190217,409566,6652,189,,,,
1416615389.05922,pg_catalog,pg_ts_parser,0,0,0,0,0,0,0,0,0,0,0,0,0,0,,,,
1416615389.05922,pg_catalog,pg_trigger,0,0,0,0,0,0,0,0,0,0,0,0,0,0,0,0,0,0
1416615389.05922,public,orders,14,120060000,5179151,5470569,15015000,0,0,0,15015000,0,1505667,6702922,86705,15615652,,,,
1416615389.05922,pg_catalog,pg_shseclabel,0,0,0,0,0,0,0,0,0,0,0,0,0,0,,,,
1416615389.05922,pg_catalog,pg_event_trigger,0,0,1622,0,0,0,0,0,0,0,0,0,486,1136,,,,
1416615389.05922,pg_catalog,pg_foreign_table,0,0,0,0,0,0,0,0,0,0,0,0,0,0,,,,
1416615389.05922,pg_catalog,pg_extension,0,0,0,0,0,0,0,0,0,0,0,0,0,0,,,,
1416615389.05922,pg_catalog,pg_ts_config,0,0,0,0,0,0,0,0,0,0,0,0,0,0,,,,
1416615389.05922,pg_catalog,pg_shdescription,0,0,0,0,0,0,0,0,0,0,0,0,0,0,0,0,0,0
1416615389.05922,pg_catalog,pg_cast,0,0,1048918,248448,0,0,0,0,0,0,1269,247179,789,1078092,,,,
1416615389.05922,pg_catalog,pg_amop,0,0,273911,484223,0,0,0,0,0,0,2153,463486,4961,579609,,,,
1416615389.05922,pg_catalog,pg_user_mapping,0,0,0,0,0,0,0,0,0,0,0,0,0,0,,,,
1416615389.05922,pg_catalog,pg_type,0,0,742418,735126,1935,0,1916,0,360,95,4631,738823,7215,1525641,,,,
1416615389.05922,information_schema,sql_parts,0,0,,,0,0,0,0,0,0,0,0,,,0,0,0,0
1416615389.05922,pg_catalog,pg_largeobject,0,0,0,0,0,0,0,0,0,0,0,0,0,0,,,,
1416615389.05922,public,nation,21,250,25470,25470,25,0,0,0,25,0,5,25477,10,25475,,,,
1416615389.05922,pg_catalog,pg_ts_config_map,0,0,0,0,0,0,0,0,0,0,0,0,0,0,,,,
1416615389.05922,pg_catalog,pg_largeobject_metadata,0,0,0,0,0,0,0,0,0,0,0,0,0,0,,,,
1416615389.05922,pg_catalog,pg_am,37333,37333,0,0,0,0,0,0,0,0,407,36926,0,0,,,,
1416615389.05922,pg_toast,pg_toast_12718,0,0,0,0,0,0,0,0,0,0,0,0,0,0,,,,
1416615389.05922,pg_catalog,pg_ts_template,0,0,0,0,0,0,0,0,0,0,0,0,0,0,,,,
1416615389.05922,pg_catalog,pg_foreign_server,0,0,0,0,0,0,0,0,0,0,0,0,0,0,,,,
1416615389.05922,pg_catalog,pg_namespace,1318,42430,165961,135016,42,0,0,0,42,0,423,136017,1979,197227,,,,
1416615389.05922,pg_toast,pg_toast_2619,0,0,124687,421640,5065,0,4815,0,260,16,40859,164460,2452,248831,,,,
1416615389.05922,pg_catalog,pg_authid,725,725,62150,62150,0,0,0,0,0,0,353,62522,1653,122647,,,,
1416615389.05922,pg_catalog,pg_default_acl,0,0,3904,0,0,0,0,0,0,0,0,0,445,3459,,,,
1416615389.05922,public,time_statistics,18,188,,,20,18,0,18,20,18,3,53,,,,,,
1416615389.05922,pg_catalog,pg_shdepend,0,0,5284,1019,0,0,0,0,0,0,485,534,1902,5326,,,,
1416615389.05922,pg_catalog,pg_constraint,0,0,264,128,136,0,128,0,10,16,75,750,136,1352,0,0,0,0
1416615389.05922,pg_catalog,pg_index,4408,417532,339408,486617,744,0,716,0,143,0,3721,474922,2357,388989,,,,
1416615389.05922,pg_catalog,pg_ts_dict,0,0,0,0,0,0,0,0,0,0,0,0,0,0,,,,
1416615389.05922,pg_toast,pg_toast_2604,0,0,0,0,0,0,0,0,0,0,0,0,0,0,,,,
1416615389.05922,public,lineitem,16,720011475,2542681,70768631,60045669,0,0,0,60045304,0,13110747,25329333,661938,11153830,,,,
1416615389.05922,pg_catalog,pg_proc,0,0,273298,405577,0,0,0,0,0,0,26511,268203,11010,594710,0,0,0,0
1416615449.06155,pg_catalog,pg_attrdef,0,0,0,0,0,0,0,0,0,0,0,0,0,0,0,0,0,0
1416615449.06155,pg_catalog,pg_db_role_setting,0,0,134872,0,0,0,0,0,0,0,0,0,344,134528,0,0,0,0
1416615449.06155,pg_toast,pg_toast_12713,0,0,0,0,0,0,0,0,0,0,0,0,0,0,,,,
1416615449.06155,public,supplier,10,600000,3317404,3355630,100000,0,0,0,100000,0,10998,3336711,678,6652018,,,,
1416615449.06155,pg_catalog,pg_rowsecurity,0,0,0,0,0,0,0,0,0,0,0,0,0,0,,,,
1416615449.06155,pg_catalog,pg_description,0,0,4264,0,0,0,0,0,0,0,0,0,1374,8120,0,0,0,0
1416615449.06155,pg_catalog,pg_foreign_data_wrapper,0,0,0,0,0,0,0,0,0,0,0,0,0,0,,,,
1416615449.06155,pg_catalog,pg_conversion,0,0,0,0,0,0,0,0,0,0,0,0,0,0,,,,
1416615449.06155,public,customer,13,13500000,77,1472905,1500000,0,0,0,1500000,0,196673,669050,4447,213,,,,
1416615449.06155,pg_catalog,pg_class,11570,2625193,766345,700885,1720,538,1682,528,337,99,7069,805840,6845,1604339,,,,
1416615449.06155,information_schema,sql_implementation_info,0,0,,,0,0,0,0,0,0,0,0,,,0,0,0,0
1416615449.06155,pg_catalog,pg_opfamily,0,0,0,0,0,0,0,0,0,0,0,0,0,0,,,,
1416615449.06155,pg_catalog,pg_auth_members,0,0,0,0,0,0,0,0,0,0,0,0,0,0,,,,
1416615449.06155,pg_catalog,pg_operator,0,0,241843,1266557,0,0,0,0,0,0,6145,876680,5389,524394,,,,
1416615449.06155,information_schema,sql_languages,0,0,,,0,0,0,0,0,0,0,0,,,0,0,0,0
1416615449.06155,pg_toast,pg_toast_12693,0,0,0,0,0,0,0,0,0,0,0,0,0,0,,,,
1416615449.06155,pg_catalog,pg_attribute,2266,15450,626869,1413188,6246,170,6068,141,2514,314,21207,700511,5809,1312222,,,,
1416615449.06155,pg_toast,pg_toast_12698,0,0,0,0,0,0,0,0,0,0,0,0,0,0,,,,
1416615449.06155,pg_catalog,pg_tablespace,2,4,22193,22193,0,0,0,0,0,0,582,21613,1213,43273,,,,
1416615449.06155,public,region,6361,31780,16,16,5,0,0,0,5,0,4,6370,8,14,,,,
1416615449.06155,pg_catalog,pg_statistic,0,0,172572,166034,1387,3953,1324,3321,464,66,16339,161122,1873,370042,40887,164502,2452,248922
1416615449.06155,pg_toast,pg_toast_12703,0,0,0,0,0,0,0,0,0,0,0,0,0,0,,,,
1416615449.06155,information_schema,sql_packages,0,0,,,0,0,0,0,0,0,0,0,,,0,0,0,0
1416615449.06155,information_schema,sql_sizing_profiles,0,0,,,0,0,0,0,0,0,0,0,,,0,0,0,0
1416615449.06155,pg_catalog,pg_aggregate,0,0,16732,16732,0,0,0,0,0,0,1172,15560,2712,26448,,,,
1416615449.06155,pg_catalog,pg_inherits,0,0,966,0,0,0,0,0,0,0,0,0,488,478,,,,
1416615449.06155,pg_catalog,pg_enum,0,0,0,0,0,0,0,0,0,0,0,0,0,0,,,,
1416615449.06155,pg_toast,pg_toast_2396,0,0,0,0,0,0,0,0,0,0,0,0,0,0,,,,
1416615449.06155,pg_catalog,pg_pltemplate,0,0,0,0,0,0,0,0,0,0,0,0,0,0,,,,
1416615449.06155,pg_toast,pg_toast_2618,0,0,3071,9806,0,0,0,0,0,0,1889,1876,550,4404,,,,
1416615449.06155,pg_toast,pg_toast_3596,0,0,0,0,0,0,0,0,0,0,0,0,0,0,,,,
1416615449.06155,information_schema,sql_features,0,0,,,0,0,0,0,0,0,0,0,,,0,0,0,0
1416615449.06155,pg_toast,pg_toast_2606,0,0,0,0,0,0,0,0,0,0,0,0,0,0,,,,
1416615449.06155,pg_toast,pg_toast_12723,0,0,0,0,0,0,0,0,0,0,0,0,0,0,,,,
1416615449.06155,pg_toast,pg_toast_2964,0,0,0,0,0,0,0,0,0,0,0,0,0,0,,,,
1416615449.06155,pg_catalog,pg_database,3425,13304,109755,109753,1,0,0,0,1,0,244,112935,1589,175538,,,,
1416615449.06155,public,partsupp,7,40000000,56099,2347964,8000000,0,0,0,8000000,0,850350,3053782,38626,136389,,,,
1416615449.06155,information_schema,sql_sizing,0,0,,,0,0,0,0,0,0,0,0,,,0,0,0,0
1416615449.06155,pg_toast,pg_toast_2620,0,0,0,0,0,0,0,0,0,0,0,0,0,0,,,,
1416615449.06155,pg_catalog,pg_depend,0,0,40276,43292,7438,0,7348,0,7107,1358,7648,49860,11084,103697,,,,
1416615449.06155,pg_catalog,pg_language,0,0,0,0,0,0,0,0,0,0,0,0,0,0,,,,
1416615449.06155,pg_catalog,pg_amproc,412,824,142402,295125,0,0,0,0,0,0,1535,139871,1241,315886,,,,
1416615449.06155,pg_catalog,pg_collation,0,0,0,0,0,0,0,0,0,0,0,0,0,0,,,,
1416615449.06155,pg_toast,pg_toast_12708,0,0,0,0,0,0,0,0,0,0,0,0,0,0,,,,
1416615449.06155,pg_catalog,pg_range,0,0,7544,0,0,0,0,0,0,0,0,0,2763,12325,,,,
1416615449.06155,pg_toast,pg_toast_2609,0,0,0,0,0,0,0,0,0,0,0,0,0,0,,,,
1416615449.06155,pg_catalog,pg_opclass,412,412,194350,2128456,0,0,0,0,0,0,1262,847468,2832,236989,,,,
1416615449.06155,pg_catalog,pg_rewrite,0,0,7487,5873,538,0,538,0,110,20,3912,6490,1780,10978,1889,1876,1100,8808
1416615449.06155,pg_toast,pg_toast_1255,0,0,0,0,0,0,0,0,0,0,0,0,0,0,,,,
1416615449.06155,pg_catalog,pg_seclabel,0,0,4264,0,0,0,0,0,0,0,0,0,443,3821,0,0,0,0
1416615449.06155,public,part,10,16000000,78,2367680,2000000,0,0,0,2000000,0,199561,409567,7929,749,,,,
1416615449.06155,pg_catalog,pg_ts_parser,0,0,0,0,0,0,0,0,0,0,0,0,0,0,,,,
1416615449.06155,pg_catalog,pg_trigger,0,0,0,0,0,0,0,0,0,0,0,0,0,0,0,0,0,0
1416615449.06155,public,orders,14,120060000,5179159,8324145,15015000,0,0,0,15015000,0,1910788,6779826,94513,15615663,,,,
1416615449.06155,pg_catalog,pg_shseclabel,0,0,0,0,0,0,0,0,0,0,0,0,0,0,,,,
1416615449.06155,pg_catalog,pg_event_trigger,0,0,1622,0,0,0,0,0,0,0,0,0,486,1136,,,,
1416615449.06155,pg_catalog,pg_foreign_table,0,0,0,0,0,0,0,0,0,0,0,0,0,0,,,,
1416615449.06155,pg_catalog,pg_extension,0,0,0,0,0,0,0,0,0,0,0,0,0,0,,,,
1416615449.06155,pg_catalog,pg_ts_config,0,0,0,0,0,0,0,0,0,0,0,0,0,0,,,,
1416615449.06155,pg_catalog,pg_shdescription,0,0,0,0,0,0,0,0,0,0,0,0,0,0,0,0,0,0
1416615449.06155,pg_catalog,pg_cast,0,0,1049417,248562,0,0,0,0,0,0,1269,247293,789,1078608,,,,
1416615449.06155,pg_catalog,pg_amop,0,0,274040,484455,0,0,0,0,0,0,2153,463710,4963,579885,,,,
1416615449.06155,pg_catalog,pg_user_mapping,0,0,0,0,0,0,0,0,0,0,0,0,0,0,,,,
1416615449.06155,pg_catalog,pg_type,0,0,742830,735538,1935,0,1916,0,360,95,4631,739235,7216,1526484,,,,
1416615449.06155,information_schema,sql_parts,0,0,,,0,0,0,0,0,0,0,0,,,0,0,0,0
1416615449.06155,pg_catalog,pg_largeobject,0,0,0,0,0,0,0,0,0,0,0,0,0,0,,,,
1416615449.06155,public,nation,22,275,25481,25505,25,0,0,0,25,0,5,25489,12,25486,,,,
1416615449.06155,pg_catalog,pg_ts_config_map,0,0,0,0,0,0,0,0,0,0,0,0,0,0,,,,
1416615449.06155,pg_catalog,pg_largeobject_metadata,0,0,0,0,0,0,0,0,0,0,0,0,0,0,,,,
1416615449.06155,pg_catalog,pg_am,37351,37351,0,0,0,0,0,0,0,0,407,36944,0,0,,,,
1416615449.06155,pg_toast,pg_toast_12718,0,0,0,0,0,0,0,0,0,0,0,0,0,0,,,,
1416615449.06155,pg_catalog,pg_ts_template,0,0,0,0,0,0,0,0,0,0,0,0,0,0,,,,
1416615449.06155,pg_catalog,pg_foreign_server,0,0,0,0,0,0,0,0,0,0,0,0,0,0,,,,
1416615449.06155,pg_catalog,pg_namespace,1320,42526,166154,135192,42,0,0,0,42,0,423,136195,1979,197439,,,,
1416615449.06155,pg_toast,pg_toast_2619,0,0,124729,421788,5065,0,4815,0,260,16,40887,164502,2452,248922,,,,
1416615449.06155,pg_catalog,pg_authid,726,726,62184,62184,0,0,0,0,0,0,353,62557,1653,122715,,,,
1416615449.06155,pg_catalog,pg_default_acl,0,0,3904,0,0,0,0,0,0,0,0,0,445,3459,,,,
1416615449.06155,public,time_statistics,22,274,,,24,22,0,22,24,22,3,65,,,,,,
1416615449.06155,pg_catalog,pg_shdepend,0,0,5284,1019,0,0,0,0,0,0,485,534,1902,5326,,,,
1416615449.06155,pg_catalog,pg_constraint,0,0,264,128,136,0,128,0,10,16,75,750,136,1352,0,0,0,0
1416615449.06155,pg_catalog,pg_index,4413,418247,339548,486816,744,0,716,0,143,0,3721,475138,2357,389156,,,,
1416615449.06155,pg_catalog,pg_ts_dict,0,0,0,0,0,0,0,0,0,0,0,0,0,0,,,,
1416615449.06155,pg_toast,pg_toast_2604,0,0,0,0,0,0,0,0,0,0,0,0,0,0,,,,
1416615449.06155,public,lineitem,17,780057144,3007875,87434606,60045669,0,0,0,60045304,0,14373067,26739386,865104,12859783,,,,
1416615449.06155,pg_catalog,pg_proc,0,0,273477,405826,0,0,0,0,0,0,26523,268385,11014,595098,0,0,0,0
1416615509.06448,pg_catalog,pg_attrdef,0,0,0,0,0,0,0,0,0,0,0,0,0,0,0,0,0,0
1416615509.06448,pg_catalog,pg_db_role_setting,0,0,134924,0,0,0,0,0,0,0,0,0,344,134580,0,0,0,0
1416615509.06448,pg_toast,pg_toast_12713,0,0,0,0,0,0,0,0,0,0,0,0,0,0,,,,
1416615509.06448,public,supplier,11,700000,3317408,3355634,100000,0,0,0,100000,0,11070,3338822,678,6652029,,,,
1416615509.06448,pg_catalog,pg_rowsecurity,0,0,0,0,0,0,0,0,0,0,0,0,0,0,,,,
1416615509.06448,pg_catalog,pg_description,0,0,4264,0,0,0,0,0,0,0,0,0,1374,8120,0,0,0,0
1416615509.06448,pg_catalog,pg_foreign_data_wrapper,0,0,0,0,0,0,0,0,0,0,0,0,0,0,,,,
1416615509.06448,pg_catalog,pg_conversion,0,0,0,0,0,0,0,0,0,0,0,0,0,0,,,,
1416615509.06448,public,customer,14,15000000,81,1472909,1500000,0,0,0,1500000,0,196673,704332,4447,230,,,,
1416615509.06448,pg_catalog,pg_class,11581,2628580,766789,701318,1720,538,1682,528,337,99,7070,806383,6845,1605256,,,,
1416615509.06448,information_schema,sql_implementation_info,0,0,,,0,0,0,0,0,0,0,0,,,0,0,0,0
1416615509.06448,pg_catalog,pg_opfamily,0,0,0,0,0,0,0,0,0,0,0,0,0,0,,,,
1416615509.06448,pg_catalog,pg_auth_members,0,0,0,0,0,0,0,0,0,0,0,0,0,0,,,,
1416615509.06448,pg_catalog,pg_operator,0,0,241902,1266777,0,0,0,0,0,0,6145,876836,5390,524528,,,,
1416615509.06448,information_schema,sql_languages,0,0,,,0,0,0,0,0,0,0,0,,,0,0,0,0
1416615509.06448,pg_toast,pg_toast_12693,0,0,0,0,0,0,0,0,0,0,0,0,0,0,,,,
1416615509.06448,pg_catalog,pg_attribute,2266,15450,627150,1413713,6246,170,6068,141,2514,314,21208,700804,5809,1312798,,,,
1416615509.06448,pg_toast,pg_toast_12698,0,0,0,0,0,0,0,0,0,0,0,0,0,0,,,,
1416615509.06448,pg_catalog,pg_tablespace,2,4,22202,22202,0,0,0,0,0,0,582,21622,1213,43291,,,,
1416615509.06448,public,region,6361,31780,16,16,5,0,0,0,5,0,4,6370,8,14,,,,
1416615509.06448,pg_catalog,pg_statistic,0,0,172626,166078,1387,3953,1324,3321,464,66,16345,161160,1873,370159,40891,164531,2452,248980
1416615509.06448,pg_toast,pg_toast_12703,0,0,0,0,0,0,0,0,0,0,0,0,0,0,,,,
1416615509.06448,information_schema,sql_packages,0,0,,,0,0,0,0,0,0,0,0,,,0,0,0,0
1416615509.06448,information_schema,sql_sizing_profiles,0,0,,,0,0,0,0,0,0,0,0,,,0,0,0,0
1416615509.06448,pg_catalog,pg_aggregate,0,0,16735,16735,0,0,0,0,0,0,1172,15563,2712,26454,,,,
1416615509.06448,pg_catalog,pg_inherits,0,0,966,0,0,0,0,0,0,0,0,0,488,478,,,,
1416615509.06448,pg_catalog,pg_enum,0,0,0,0,0,0,0,0,0,0,0,0,0,0,,,,
1416615509.06448,pg_toast,pg_toast_2396,0,0,0,0,0,0,0,0,0,0,0,0,0,0,,,,
1416615509.06448,pg_catalog,pg_pltemplate,0,0,0,0,0,0,0,0,0,0,0,0,0,0,,,,
1416615509.06448,pg_toast,pg_toast_2618,0,0,3075,9820,0,0,0,0,0,0,1892,1878,550,4410,,,,
1416615509.06448,pg_toast,pg_toast_3596,0,0,0,0,0,0,0,0,0,0,0,0,0,0,,,,
1416615509.06448,information_schema,sql_features,0,0,,,0,0,0,0,0,0,0,0,,,0,0,0,0
1416615509.06448,pg_toast,pg_toast_2606,0,0,0,0,0,0,0,0,0,0,0,0,0,0,,,,
1416615509.06448,pg_toast,pg_toast_12723,0,0,0,0,0,0,0,0,0,0,0,0,0,0,,,,
1416615509.06448,pg_toast,pg_toast_2964,0,0,0,0,0,0,0,0,0,0,0,0,0,0,,,,
1416615509.06448,pg_catalog,pg_database,3428,13316,109801,109799,1,0,0,0,1,0,244,112984,1589,175610,,,,
1416615509.06448,public,partsupp,7,40000000,56099,2347964,8000000,0,0,0,8000000,0,850350,3053782,38626,136389,,,,
1416615509.06448,information_schema,sql_sizing,0,0,,,0,0,0,0,0,0,0,0,,,0,0,0,0
1416615509.06448,pg_toast,pg_toast_2620,0,0,0,0,0,0,0,0,0,0,0,0,0,0,,,,
1416615509.06448,pg_catalog,pg_depend,0,0,40276,43292,7438,0,7348,0,7107,1358,7648,49860,11084,103697,,,,
1416615509.06448,pg_catalog,pg_language,0,0,0,0,0,0,0,0,0,0,0,0,0,0,,,,
1416615509.06448,pg_catalog,pg_amproc,412,824,142446,295190,0,0,0,0,0,0,1535,139913,1241,315986,,,,
1416615509.06448,pg_catalog,pg_collation,0,0,0,0,0,0,0,0,0,0,0,0,0,0,,,,
1416615509.06448,pg_toast,pg_toast_12708,0,0,0,0,0,0,0,0,0,0,0,0,0,0,,,,
1416615509.06448,pg_catalog,pg_range,0,0,7546,0,0,0,0,0,0,0,0,0,2765,12327,,,,
1416615509.06448,pg_toast,pg_toast_2609,0,0,0,0,0,0,0,0,0,0,0,0,0,0,,,,
1416615509.06448,pg_catalog,pg_opclass,412,412,194399,2128996,0,0,0,0,0,0,1262,847681,2832,237056,,,,
1416615509.06448,pg_catalog,pg_rewrite,0,0,7494,5880,538,0,538,0,110,20,3916,6493,1780,10990,1892,1878,1100,8820
1416615509.06448,pg_toast,pg_toast_1255,0,0,0,0,0,0,0,0,0,0,0,0,0,0,,,,
1416615509.06448,pg_catalog,pg_seclabel,0,0,4264,0,0,0,0,0,0,0,0,0,443,3821,0,0,0,0
1416615509.06448,public,part,10,16000000,78,2367680,2000000,0,0,0,2000000,0,199561,409567,7929,749,,,,
1416615509.06448,pg_catalog,pg_ts_parser,0,0,0,0,0,0,0,0,0,0,0,0,0,0,,,,
1416615509.06448,pg_catalog,pg_trigger,0,0,0,0,0,0,0,0,0,0,0,0,0,0,0,0,0,0
1416615509.06448,public,orders,16,150090000,5179165,8324151,15015000,0,0,0,15015000,0,1919243,7278421,94516,15615684,,,,
1416615509.06448,pg_catalog,pg_shseclabel,0,0,0,0,0,0,0,0,0,0,0,0,0,0,,,,
1416615509.06448,pg_catalog,pg_event_trigger,0,0,1622,0,0,0,0,0,0,0,0,0,486,1136,,,,
1416615509.06448,pg_catalog,pg_foreign_table,0,0,0,0,0,0,0,0,0,0,0,0,0,0,,,,
1416615509.06448,pg_catalog,pg_extension,0,0,0,0,0,0,0,0,0,0,0,0,0,0,,,,
1416615509.06448,pg_catalog,pg_ts_config,0,0,0,0,0,0,0,0,0,0,0,0,0,0,,,,
1416615509.06448,pg_catalog,pg_shdescription,0,0,0,0,0,0,0,0,0,0,0,0,0,0,0,0,0,0
1416615509.06448,pg_catalog,pg_cast,0,0,1049656,248620,0,0,0,0,0,0,1269,247351,789,1078858,,,,
1416615509.06448,pg_catalog,pg_amop,0,0,274117,484588,0,0,0,0,0,0,2153,463840,4963,580053,,,,
1416615509.06448,pg_catalog,pg_user_mapping,0,0,0,0,0,0,0,0,0,0,0,0,0,0,,,,
1416615509.06448,pg_catalog,pg_type,0,0,743065,735773,1935,0,1916,0,360,95,4631,739470,7218,1526965,,,,
1416615509.06448,information_schema,sql_parts,0,0,,,0,0,0,0,0,0,0,0,,,0,0,0,0
1416615509.06448,pg_catalog,pg_largeobject,0,0,0,0,0,0,0,0,0,0,0,0,0,0,,,,
1416615509.06448,public,nation,24,325,25489,25513,25,0,0,0,25,0,5,25499,12,25495,,,,
1416615509.06448,pg_catalog,pg_ts_config_map,0,0,0,0,0,0,0,0,0,0,0,0,0,0,,,,
1416615509.06448,pg_catalog,pg_largeobject_metadata,0,0,0,0,0,0,0,0,0,0,0,0,0,0,,,,
1416615509.06448,pg_catalog,pg_am,37363,37363,0,0,0,0,0,0,0,0,407,36956,0,0,,,,
1416615509.06448,pg_toast,pg_toast_12718,0,0,0,0,0,0,0,0,0,0,0,0,0,0,,,,
1416615509.06448,pg_catalog,pg_ts_template,0,0,0,0,0,0,0,0,0,0,0,0,0,0,,,,
1416615509.06448,pg_catalog,pg_foreign_server,0,0,0,0,0,0,0,0,0,0,0,0,0,0,,,,
1416615509.06448,pg_catalog,pg_namespace,1322,42622,166330,135357,42,0,0,0,42,0,423,136362,1979,197628,,,,
1416615509.06448,pg_toast,pg_toast_2619,0,0,124755,421862,5065,0,4815,0,260,16,40891,164531,2452,248980,,,,
1416615509.06448,pg_catalog,pg_authid,727,727,62206,62206,0,0,0,0,0,0,353,62580,1653,122759,,,,
1416615509.06448,pg_catalog,pg_default_acl,0,0,3904,0,0,0,0,0,0,0,0,0,445,3459,,,,
1416615509.06448,public,time_statistics,24,323,,,26,24,0,24,26,24,3,71,,,,,,
1416615509.06448,pg_catalog,pg_shdepend,0,0,5284,1019,0,0,0,0,0,0,485,534,1902,5326,,,,
1416615509.06448,pg_catalog,pg_constraint,0,0,264,128,136,0,128,0,10,16,75,750,136,1352,0,0,0,0
1416615509.06448,pg_catalog,pg_index,4418,418962,339642,486947,744,0,716,0,143,0,3721,475286,2357,389269,,,,
1416615509.06448,pg_catalog,pg_ts_dict,0,0,0,0,0,0,0,0,0,0,0,0,0,0,,,,
1416615509.06448,pg_toast,pg_toast_2604,0,0,0,0,0,0,0,0,0,0,0,0,0,0,,,,
1416615509.06448,public,lineitem,17,780057144,4209858,96095531,60045669,0,0,0,60045304,0,15619808,26991729,1115174,17460398,,,,
1416615509.06448,pg_catalog,pg_proc,0,0,273601,406006,0,0,0,0,0,0,26529,268521,11014,595368,0,0,0,0
